timestamp, consumption
datetime, float
T, 
2015-10-01 07:00:00.000000, 0.109690756444328
2015-10-01 07:05:00.000000, 0.109649122807014
2015-10-01 07:10:00.000000, 0.109713899907161
2015-10-01 07:15:00.000000, 0.109769484083433
2015-10-01 07:20:00.000000, 0.109788024660076
2015-10-01 07:25:00.000000, 0.109737053138066
2015-10-01 07:30:00.000000, 0.109737053138066
2015-10-01 07:35:00.000000, 0.109690756444328
2015-10-01 07:40:00.000000, 0.109676875052725
2015-10-01 07:45:00.000000, 0.109769484083433
2015-10-01 07:50:00.000000, 0.0675504517436566
2015-10-01 07:55:00.000000, 0.0759878419452916
2015-10-01 08:00:00.000000, 0.0464213369345095
2015-10-01 08:05:00.000000, 0.10970927043336
2015-10-01 08:10:00.000000, 0.109630629111145
2015-10-01 08:15:00.000000, 0.109639875179215
2015-10-01 08:20:00.000000, 0.109579803599283
2015-10-01 08:25:00.000000, 0.109602900261357
2015-10-01 08:30:00.000000, 0.109598280150062
2015-10-01 08:35:00.000000, 0.109704641350207
2015-10-01 08:40:00.000000, 0.109616762932666
2015-10-01 08:45:00.000000, 0.109607520762202
2015-10-01 08:50:00.000000, 0.109561333277144
2015-10-01 08:55:00.000000, 0.109616762932666
2015-10-01 09:00:00.000000, 0.109593660428266
2015-10-01 09:05:00.000000, 0.109547484621215
2015-10-01 09:10:00.000000, 0.109602900261357
2015-10-01 09:15:00.000000, 0.109686128923385
2015-10-01 09:20:00.000000, 0.10970001265769
2015-10-01 09:25:00.000000, 0.109681501792879
2015-10-01 09:30:00.000000, 0.109681501792879
2015-10-01 09:35:00.000000, 0.109616762932666
2015-10-01 09:40:00.000000, 0.109584422152909
2015-10-01 09:45:00.000000, 0.109565950273923
2015-10-01 09:50:00.000000, 0.109589041095887
2015-10-01 09:55:00.000000, 0.109602900261357
2015-10-01 10:00:00.000000, 0.113813598617368
2015-10-01 10:05:00.000000, 0.113813598617368
2015-10-01 10:10:00.000000, 0.113804004214967
2015-10-01 10:15:00.000000, 0.113996200126655
2015-10-01 10:20:00.000000, 0.113996200126655
2015-10-01 10:25:00.000000, 0.113976951327613
2015-10-01 10:30:00.000000, 0.113904826189665
2015-10-01 10:35:00.000000, 0.113871199021555
2015-10-01 10:40:00.000000, 0.113866396761138
2015-10-01 10:45:00.000000, 0.113837591702509
2015-10-01 10:50:00.000000, 0.113837591702509
2015-10-01 10:55:00.000000, 0.113823194637667
2015-10-01 11:00:00.000000, 0.113837591702509
2015-10-01 11:05:00.000000, 0.113856793455335
2015-10-01 11:10:00.000000, 0.113890412114558
2015-10-01 11:15:00.000000, 0.113847191769274
2015-10-01 11:20:00.000000, 0.113890412114558
2015-10-01 11:25:00.000000, 0.113885608233512
2015-10-01 11:30:00.000000, 0.113871199021555
2015-10-01 11:35:00.000000, 0.113851992409871
2015-10-01 11:40:00.000000, 0.113842391533492
2015-10-01 11:45:00.000000, 0.113842391533492
2015-10-01 11:50:00.000000, 0.113842391533492
2015-10-01 11:55:00.000000, 0.113871199021555
2015-10-01 12:00:00.000000, 2.27063259321323
2015-10-01 12:05:00.000000, 0.164079262905459
2015-10-01 12:10:00.000000, 0.656123822341858
2015-10-01 12:15:00.000000, 0.521534320323007
2015-10-01 12:20:00.000000, 0.521534320323007
2015-10-01 12:25:00.000000, 0.521534320323007
2015-10-01 12:30:00.000000, 0.521534320323007
2015-10-01 12:35:00.000000, 0.0632724511747609
2015-10-01 12:40:00.000000, 0.0885739592559821
2015-10-01 12:45:00.000000, 0.109639875179215
2015-10-01 12:50:00.000000, 0.105462982493145
2015-10-01 12:55:00.000000, 0.0843881856540036
2015-10-01 13:00:00.000000, 0.0759493670886105
2015-10-01 13:05:00.000000, 0.0759493670886105
2015-10-01 13:10:00.000000, 0.0590717299578002
2015-10-01 13:15:00.000000, 0.109801934203299
2015-10-01 13:20:00.000000, 0.0675761287325238
2015-10-01 13:25:00.000000, 0.105525304968131
2015-10-01 13:30:00.000000, 0.109741684956944
2015-10-01 13:35:00.000000, 0.109732421710134
2015-10-01 13:40:00.000000, 0.109746317166853
2015-10-01 13:45:00.000000, 0.109760216143191
2015-10-01 13:50:00.000000, 0.105552037154317
2015-10-01 13:55:00.000000, 0.0928897145752402
2015-10-01 14:00:00.000000, 0.0633018230925075
2015-10-01 14:05:00.000000, 0.0379746835443052
2015-10-01 14:10:00.000000, 0.0253164556962035
2015-10-01 14:15:00.000000, 0.00421940928269658
2015-10-01 14:20:00.000000, 0.00843881856540516
2015-10-01 14:25:00.000000, 0.0758789309501757
2015-10-01 14:30:00.000000, 0.109533639465809
2015-10-01 14:35:00.000000, 0.109570567659822
2015-10-01 14:40:00.000000, 0.0927057435422017
2015-10-01 14:45:00.000000, 0.109561333277144
2015-10-01 14:50:00.000000, 0.0421283228714641
2015-10-01 14:55:00.000000, 0.021064161435738
2015-10-01 15:00:00.000000, 0.100971854095675
2015-10-01 15:05:00.000000, 0.100980350906711
2015-10-01 15:10:00.000000, 0.100950618322541
2015-10-01 15:15:00.000000, 0.025230225810522
2015-10-01 15:20:00.000000, 0.025230225810522
2015-10-01 15:25:00.000000, 0.109252878393138
2015-10-01 15:30:00.000000, 0.109266652658118
2015-10-01 15:35:00.000000, 0.155201342281881
2015-10-01 15:40:00.000000, 0.0671000209687551
2015-10-01 15:45:00.000000, 0.0292960575876761
2015-10-01 15:50:00.000000, 0.108618456782383
2015-10-01 15:55:00.000000, 0.112824370063938
2015-10-01 16:00:00.000000, 0.0919002464597514
2015-10-01 16:05:00.000000, 0.108559498956155
2015-10-01 16:10:00.000000, 0.0918580375782876
2015-10-01 16:15:00.000000, 0.112697220135241
2015-10-01 16:20:00.000000, 0.0167238063383312
2015-10-01 16:25:00.000000, 0.0878550809521851
2015-10-01 16:30:00.000000, 0.104637535576762
2015-10-01 16:35:00.000000, 0.0920579127960494
2015-10-01 16:40:00.000000, 0.100633150236911
2015-10-01 16:45:00.000000, 0.0964077629207318
2015-10-01 16:50:00.000000, 0.100502512562818
2015-10-01 16:55:00.000000, 0.10882759198024
2015-10-01 17:00:00.000000, 0.10880026781604
2015-10-01 17:05:00.000000, 0.108845815715657
2015-10-01 17:10:00.000000, 0.108877721943057
2015-10-01 17:15:00.000000, 0.108782059328058
2015-10-01 17:20:00.000000, 0.108795715122601
2015-10-01 17:25:00.000000, 0.108882281502572
2015-10-01 17:30:00.000000, 0.108891401767399
2015-10-01 17:35:00.000000, 0.108895962472772
2015-10-01 17:40:00.000000, 0.108937026019186
2015-10-01 17:45:00.000000, 0.108937026019186
2015-10-01 17:50:00.000000, 0.108854929872301
2015-10-01 17:55:00.000000, 0.108968985750206
2015-10-01 18:00:00.000000, 0.108955286426682
2015-10-01 18:05:00.000000, 0.108836703085098
2015-10-01 18:10:00.000000, 0.0920348058902271
2015-10-01 18:15:00.000000, 0.100338642919858
2015-10-01 18:20:00.000000, 0.0669400050204989
2015-10-01 18:25:00.000000, 0.0920194077296298
2015-10-01 18:30:00.000000, 0.0669260049357914
2015-10-01 18:35:00.000000, 0.0502071043052611
2015-10-01 18:40:00.000000, 0.108882281502572
2015-10-01 18:45:00.000000, 0.108873162765375
2015-10-01 18:50:00.000000, 0.108873162765375
2015-10-01 18:55:00.000000, 0.108750209135026
2015-10-01 19:00:00.000000, 0.108645689691192
2015-10-01 19:05:00.000000, 0.108795715122601
2015-10-01 19:10:00.000000, 0.108809374346094
2015-10-01 19:15:00.000000, 0.10875475802066
2015-10-01 19:20:00.000000, 0.108768406961174
2015-10-01 19:25:00.000000, 0.108818482400711
2015-10-01 19:30:00.000000, 0.108850372603207
2015-10-01 19:35:00.000000, 0.10880026781604
2015-10-01 19:40:00.000000, 0.0795578259777229
2015-10-01 19:45:00.000000, 0.108937026019186
2015-10-01 19:50:00.000000, 0.108964418926289
2015-10-01 19:55:00.000000, 0.108900523560206
2015-10-01 20:00:00.000000, 0.108877721943057
2015-10-01 20:05:00.000000, 0.108850372603207
2015-10-01 20:10:00.000000, 0.10890964688141
2015-10-01 20:15:00.000000, 0.108968985750206
2015-10-01 20:20:00.000000, 0.108877721943057
2015-10-01 20:25:00.000000, 0.108955286426682
2015-10-01 20:30:00.000000, 0.108895962472772
2015-10-01 20:35:00.000000, 0.108941590547218
2015-10-01 20:40:00.000000, 0.108946155457791
2015-10-01 20:45:00.000000, 0.108927898110516
2015-10-01 20:50:00.000000, 0.108959852485119
2015-10-01 20:55:00.000000, 0.108923334729783
2015-10-01 21:00:00.000000, 0.108950720750918
2015-10-01 21:05:00.000000, 0.108932461873646
2015-10-01 21:10:00.000000, 0.108918771731398
2015-10-01 21:15:00.000000, 0.108905085029748
2015-10-01 21:20:00.000000, 0.0963270092557768
2015-10-01 21:25:00.000000, 0.0837626167441542
2015-10-01 21:30:00.000000, 0.062835120643434
2015-10-01 21:35:00.000000, 0.0712071709809902
2015-10-01 21:40:00.000000, 0.092165898617511
2015-10-01 21:45:00.000000, 0.113202800721136
2015-10-01 21:50:00.000000, 0.113264535615396
2015-10-01 21:55:00.000000, 0.0965169953839774
2015-10-01 22:00:00.000000, 0.113307314616636
2015-10-01 22:05:00.000000, 0.113316825450124
2015-10-01 22:10:00.000000, 0.100713386487624
2015-10-01 22:15:00.000000, 0.11340725806452
2015-10-01 22:20:00.000000, 0.113450144964078
2015-10-01 22:25:00.000000, 0.113378684807249
2015-10-01 22:30:00.000000, 0.0755508919202547
2015-10-01 22:35:00.000000, 0.113354884755871
2015-10-01 22:40:00.000000, 0.113354884755871
2015-10-01 22:45:00.000000, 0.113350125944577
2015-10-01 22:50:00.000000, 0.0755350398657183
2015-10-01 22:55:00.000000, 0.0923206042803184
2015-10-01 23:00:00.000000, 0.104918583179453
2015-10-01 23:05:00.000000, 0.0461603021401652
2015-10-01 23:10:00.000000, 0.0377706899446044
2015-10-01 23:15:00.000000, 0.0461603021401652
2015-10-01 23:20:00.000000, 0.0461603021401652
2015-10-01 23:25:00.000000, 0.0461603021401652
2015-10-01 23:30:00.000000, 0.0209872397582318
2015-10-01 23:35:00.000000, 0.109211576427097
2015-10-01 23:40:00.000000, 0.109142809167992
2015-10-01 23:45:00.000000, 0.281158203944614
2015-10-01 23:50:00.000000, 0.0545989080218377
2015-10-01 23:55:00.000000, 0.0419991600167973
2015-10-02 00:00:00.000000, 0.067198656026878
2015-10-02 00:05:00.000000, 0.0713326619670978
2015-10-02 00:10:00.000000, 0.03777703156481
2015-10-02 00:15:00.000000, 0.109110747408616
2015-10-02 00:20:00.000000, 0.109101590365487
2015-10-02 00:25:00.000000, 0.109083280889444
2015-10-02 00:30:00.000000, 0.109083280889444
2015-10-02 00:35:00.000000, 0.0881131204632266
2015-10-02 00:40:00.000000, 0.109087857682299
2015-10-02 00:45:00.000000, 0.109110747408616
2015-10-02 00:50:00.000000, 0.1091657219633
2015-10-02 00:55:00.000000, 0.109138227763082
2015-10-02 01:00:00.000000, 0.0965696771213796
2015-10-02 01:05:00.000000, 0.100751437806981
2015-10-02 01:10:00.000000, 0.0882649630127688
2015-10-02 01:15:00.000000, 0.109243697478988
2015-10-02 01:20:00.000000, 0.0839419121967551
2015-10-02 01:25:00.000000, 0.109097012420271
2015-10-02 01:30:00.000000, 0.096492700117477
2015-10-02 01:35:00.000000, 0.0754463911476263
2015-10-02 01:40:00.000000, 0.100527770796686
2015-10-02 01:45:00.000000, 0.100502512562818
2015-10-02 01:50:00.000000, 0.100460443700297
2015-10-02 01:55:00.000000, 0.108964418926289
2015-10-02 02:00:00.000000, 0.108923334729783
2015-10-02 02:05:00.000000, 0.0125680770842066
2015-10-02 02:10:00.000000, 0.0963391136801618
2015-10-02 02:15:00.000000, 0.0921504565636252
2015-10-02 02:20:00.000000, 0.108859487523024
2015-10-02 02:25:00.000000, 0.108850372603207
2015-10-02 02:30:00.000000, 0.096331043725913
2015-10-02 02:35:00.000000, 0.100557254786936
2015-10-02 02:40:00.000000, 1.4303431169905
2015-10-02 02:45:00.000000, 0.108795715122601
2015-10-02 02:50:00.000000, 0.10880026781604
2015-10-02 02:55:00.000000, 0.10882759198024
2015-10-02 03:00:00.000000, 0.0670522169139203
2015-10-02 03:05:00.000000, 0.100578325370886
2015-10-02 03:10:00.000000, 0.100586756077108
2015-10-02 03:15:00.000000, 0.0922083909635772
2015-10-02 03:20:00.000000, 0.0963592944823787
2015-10-02 03:25:00.000000, 0.104755918709407
2015-10-02 03:30:00.000000, 0.100721839852278
2015-10-02 03:35:00.000000, 0.0335556394446475
2015-10-02 03:40:00.000000, 0.0083977158213009
2015-10-02 03:45:00.000000, 0.0587667380262714
2015-10-02 03:50:00.000000, 0.104887770086008
2015-10-02 03:55:00.000000, 0.104883369692901
2015-10-02 04:00:00.000000, 0.0796879587300246
2015-10-02 04:05:00.000000, 0.113207547169816
2015-10-02 04:10:00.000000, 0.104887770086008
2015-10-02 04:15:00.000000, 0.113240783458462
2015-10-02 04:20:00.000000, 0.113202800721136
2015-10-02 04:25:00.000000, 0.113250283125712
2015-10-02 04:30:00.000000, 0.113202800721136
2015-10-02 04:35:00.000000, 0.113198054670472
2015-10-02 04:40:00.000000, 0.113169586721439
2015-10-02 04:45:00.000000, 0.113264535615396
2015-10-02 04:50:00.000000, 0.113131651722119
2015-10-02 04:55:00.000000, 0.104782262458611
2015-10-02 05:00:00.000000, 0.113245533092854
2015-10-02 05:05:00.000000, 0.113245533092854
2015-10-02 05:10:00.000000, 0.113255033557051
2015-10-02 05:15:00.000000, 0.113226536945404
2015-10-02 05:20:00.000000, 0.11323603422245
2015-10-02 05:25:00.000000, 0.113212294016525
2015-10-02 05:30:00.000000, 0.113183818905894
2015-10-02 05:35:00.000000, 0.113198054670472
2015-10-02 05:40:00.000000, 0.113212294016525
2015-10-02 05:45:00.000000, 0.113212294016525
2015-10-02 05:50:00.000000, 0.113212294016525
2015-10-02 05:55:00.000000, 0.113198054670472
2015-10-02 06:00:00.000000, 0.113198054670472
2015-10-02 06:05:00.000000, 0.113198054670472
2015-10-02 06:10:00.000000, 0.0880576987587972
2015-10-02 06:15:00.000000, 0.113217041261314
2015-10-02 06:20:00.000000, 0.113264535615396
2015-10-02 06:25:00.000000, 0.113269287242526
2015-10-02 06:30:00.000000, 0.104887770086008
2015-10-02 06:35:00.000000, 0.0880540064572971
2015-10-02 06:40:00.000000, 0.113198054670472
2015-10-02 06:45:00.000000, 0.0964118041582787
2015-10-02 06:50:00.000000, 0.113207547169816
2015-10-02 06:55:00.000000, 0.113269287242526
2015-10-02 07:00:00.000000, 0.0839278220730244
2015-10-02 07:05:00.000000, 0.113226536945404
2015-10-02 07:10:00.000000, 0.113193309017738
2015-10-02 07:15:00.000000, 0.113136392206164
2015-10-02 07:20:00.000000, 0.113107955259524
2015-10-02 07:25:00.000000, 0.113093742146272
2015-10-02 07:30:00.000000, 0.113107955259524
2015-10-02 07:35:00.000000, 0.0293316572386311
2015-10-02 07:40:00.000000, 0.0628193316023141
2015-10-02 07:45:00.000000, 0.108845815715657
2015-10-02 07:50:00.000000, 0.113070061560359
2015-10-02 07:55:00.000000, 0.113055857968337
2015-10-02 08:00:00.000000, 0.0836925137046444
2015-10-02 08:05:00.000000, 0.0878514056224814
2015-10-02 08:10:00.000000, 0.112923462986191
2015-10-02 08:15:00.000000, 0.112890412677168
2015-10-02 08:20:00.000000, 0.112951807228908
2015-10-02 08:25:00.000000, 0.112970711297075
2015-10-02 08:30:00.000000, 0.112951807228908
2015-10-02 08:35:00.000000, 0.112923462986191
2015-10-02 08:40:00.000000, 0.112932909486369
2015-10-02 08:45:00.000000, 0.112932909486369
2015-10-02 08:50:00.000000, 0.112937633329143
2015-10-02 08:55:00.000000, 0.112951807228908
2015-10-02 09:00:00.000000, 0.112984893501281
2015-10-02 09:05:00.000000, 0.112999079266766
2015-10-02 09:10:00.000000, 0.112970711297075
2015-10-02 09:15:00.000000, 0.108877721943057
2015-10-02 09:20:00.000000, 0.409459346536304
2015-10-02 09:25:00.000000, 0.10882759198024
2015-10-02 09:30:00.000000, 0.108832147341992
2015-10-02 09:35:00.000000, 0.108877721943057
2015-10-02 09:40:00.000000, 0.108900523560206
2015-10-02 09:45:00.000000, 0.108918771731398
2015-10-02 09:50:00.000000, 0.108804820890534
2015-10-02 09:55:00.000000, 0.108859487523024
2015-10-02 10:00:00.000000, 0.0460732984293251
2015-10-02 10:05:00.000000, 0.00418848167538886
2015-10-02 10:10:00.000000, 0.113017999162834
2015-10-02 10:15:00.000000, 0.0670016750418865
2015-10-02 10:20:00.000000, 0.0753989863025084
2015-10-02 10:25:00.000000, 0.108873162765375
2015-10-02 10:30:00.000000, 0.108873162765375
2015-10-02 10:35:00.000000, 0.0837696335078486
2015-10-02 10:40:00.000000, 0.0795844852140394
2015-10-02 10:45:00.000000, 0.0209555741827255
2015-10-02 10:50:00.000000, 0.00838328373223029
2015-10-02 10:55:00.000000, 0.113202800721136
2015-10-02 11:00:00.000000, 0.0545943221904903
2015-10-02 11:05:00.000000, 0.11342631490505
2015-10-02 11:10:00.000000, 0.113464447806358
2015-10-02 11:15:00.000000, 0.113359643966752
2015-10-02 11:20:00.000000, 0.113536016147349
2015-10-02 11:25:00.000000, 0.113536016147349
2015-10-02 11:30:00.000000, 0.113497835133878
2015-10-02 11:35:00.000000, 0.113445378151265
2015-10-02 11:40:00.000000, 0.0672268907563011
2015-10-02 11:45:00.000000, 0.0168067226890723
2015-10-02 11:50:00.000000, 0.0420168067226867
2015-10-02 11:55:00.000000, 0.113612455291399
2015-10-02 12:00:00.000000, 0.109390777515996
2015-10-02 12:05:00.000000, 0.398306150685501
2015-10-02 12:10:00.000000, 0.105077336919973
2015-10-02 12:15:00.000000, 0.113478754255458
2015-10-02 12:20:00.000000, 0.113507377979573
2015-10-02 12:25:00.000000, 0.10933557611439
2015-10-02 12:30:00.000000, 0.109353970390306
2015-10-02 12:35:00.000000, 0.100929391479869
2015-10-02 12:40:00.000000, 0.100895447092954
2015-10-02 12:45:00.000000, 0.0924369747899155
2015-10-02 12:50:00.000000, 0.0840336134453734
2015-10-02 12:55:00.000000, 0.0252259827622461
2015-10-02 13:00:00.000000, 0.0210084033613493
2015-10-02 13:05:00.000000, 0.10917488977536
2015-10-02 13:10:00.000000, 0.113297805379552
2015-10-02 13:15:00.000000, 0.0839560070522998
2015-10-02 13:20:00.000000, 0.104945008815381
2015-10-02 13:25:00.000000, 0.1091657219633
2015-10-02 13:30:00.000000, 0.100747208462769
2015-10-02 13:35:00.000000, 0.0965737319449067
2015-10-02 13:40:00.000000, 0.109156555690831
2015-10-02 13:45:00.000000, 0.0881538074049232
2015-10-02 13:50:00.000000, 0.0503736042313847
2015-10-02 13:55:00.000000, 0.0629670052892308
2015-10-02 14:00:00.000000, 0.113212294016525
2015-10-02 14:05:00.000000, 0.10482180293501
2015-10-02 14:10:00.000000, 0.067130989342954
2015-10-02 14:15:00.000000, 0.113297805379552
2015-10-02 14:20:00.000000, 0.104909777591272
2015-10-02 14:25:00.000000, 0.113307314616636
2015-10-02 14:30:00.000000, 0.113350125944577
2015-10-02 14:35:00.000000, 0.0839983200335945
2015-10-02 14:40:00.000000, 0.113364403577269
2015-10-02 14:45:00.000000, 0.113373923997485
2015-10-02 14:50:00.000000, 0.0881945319390231
2015-10-02 14:55:00.000000, 0.100781053161997
2015-10-02 15:00:00.000000, 0.113383446016874
2015-10-02 15:05:00.000000, 0.11342631490505
2015-10-02 15:10:00.000000, 0.11341202167429
2015-10-02 15:15:00.000000, 0.109266652658118
2015-10-02 15:20:00.000000, 0.109340174103196
2015-10-02 15:25:00.000000, 0.109487514212318
2015-10-02 15:30:00.000000, 0.109524411306285
2015-10-02 15:35:00.000000, 0.109547484621215
2015-10-02 15:40:00.000000, 0.109515184701567
2015-10-02 15:45:00.000000, 0.109542869180531
2015-10-02 15:50:00.000000, 0.109515184701567
2015-10-02 15:55:00.000000, 0.109538254128758
2015-10-02 16:00:00.000000, 0.109482903823476
2015-10-02 16:05:00.000000, 0.109473684210522
2015-10-02 16:10:00.000000, 0.109427609427606
2015-10-02 16:15:00.000000, 0.109427609427606
2015-10-02 16:20:00.000000, 0.0505263157894756
2015-10-02 16:25:00.000000, 0.0884210526315823
2015-10-02 16:30:00.000000, 0.101052631578951
2015-10-02 16:35:00.000000, 0.0884210526315823
2015-10-02 16:40:00.000000, 0.0757894736842134
2015-10-02 16:45:00.000000, 0.0631578947368445
2015-10-02 16:50:00.000000, 0.113550340651026
2015-10-02 16:55:00.000000, 0.11352169525732
2015-10-02 17:00:00.000000, 0.113536016147349
2015-10-02 17:05:00.000000, 0.113512150004208
2015-10-02 17:10:00.000000, 0.113540790580324
2015-10-02 17:15:00.000000, 0.113559892328391
2015-10-02 17:20:00.000000, 0.105196717862403
2015-10-02 17:25:00.000000, 0.071527748558921
2015-10-02 17:30:00.000000, 0.0294649997895328
2015-10-02 17:35:00.000000, 0.0589374421150065
2015-10-02 17:40:00.000000, 0.0631446011366052
2015-10-02 17:45:00.000000, 0.088380118681877
2015-10-02 17:50:00.000000, 0.0841715416017916
2015-10-02 17:55:00.000000, 0.0673485709475088
2015-10-02 18:00:00.000000, 0.0715548446839026
2015-10-02 18:05:00.000000, 0.0589349610608355
2015-10-02 18:10:00.000000, 0.0631419430880644
2015-10-02 18:15:00.000000, 0.0757607643419365
2015-10-02 18:20:00.000000, 0.109367770159421
2015-10-02 18:25:00.000000, 0.109367770159421
2015-10-02 18:30:00.000000, 0.109340174103196
2015-10-02 18:35:00.000000, 0.10931718802556
2015-10-02 18:40:00.000000, 0.10931718802556
2015-10-02 18:45:00.000000, 0.109330978512254
2015-10-02 18:50:00.000000, 0.100950618322541
2015-10-02 18:55:00.000000, 0.0757639531947162
2015-10-02 19:00:00.000000, 0.0967687647256892
2015-10-02 19:05:00.000000, 0.075748011614698
2015-10-02 19:10:00.000000, 0.0589250389326212
2015-10-02 19:15:00.000000, 0.0589250389326212
2015-10-02 19:20:00.000000, 0.0168371427368742
2015-10-02 19:25:00.000000, 0.0420822286748282
2015-10-02 19:30:00.000000, 0.0420822286748282
2015-10-02 19:35:00.000000, 0.0420822286748282
2015-10-02 19:40:00.000000, 0.0420822286748282
2015-10-02 19:45:00.000000, 0.0336657829398578
2015-10-02 19:50:00.000000, 0.0420822286748282
2015-10-02 19:55:00.000000, 0.0420822286748282
2015-10-02 20:00:00.000000, 0.0252535881139788
2015-10-02 20:05:00.000000, 0.0378755996969966
2015-10-02 20:10:00.000000, 0.0252535881139788
2015-10-02 20:15:00.000000, 0.0420822286748282
2015-10-02 20:20:00.000000, 0.0378755996969966
2015-10-02 20:25:00.000000, 0.0252535881139788
2015-10-02 20:30:00.000000, 0.0252535881139788
2015-10-02 20:35:00.000000, 0.0378755996969966
2015-10-02 20:40:00.000000, 0.0252535881139788
2015-10-02 20:45:00.000000, 0.0378755996969966
2015-10-02 20:50:00.000000, 0.0589052046955806
2015-10-02 20:55:00.000000, 0.0589052046955806
2015-10-02 21:00:00.000000, 0.0589052046955806
2015-10-02 21:05:00.000000, 0.0715187210769826
2015-10-02 21:10:00.000000, 0.10933557611439
2015-10-02 21:15:00.000000, 0.10931718802556
2015-10-02 21:20:00.000000, 0.109330978512254
2015-10-02 21:25:00.000000, 0.109330978512254
2015-10-02 21:30:00.000000, 0.109330978512254
2015-10-02 21:35:00.000000, 0.0967362045760388
2015-10-02 21:40:00.000000, 0.0252419015565849
2015-10-02 21:45:00.000000, 0.0252419015565849
2015-10-02 21:50:00.000000, 0.0126225438633404
2015-10-02 21:55:00.000000, 0.0126209507782924
2015-10-02 22:00:00.000000, 0.0714766229397981
2015-10-02 22:05:00.000000, 0.0883317910322234
2015-10-02 22:10:00.000000, 0.0757225190358028
2015-10-02 22:15:00.000000, 0.0757225190358028
2015-10-02 22:20:00.000000, 0.0883317910322234
2015-10-02 22:25:00.000000, 0.0883317910322234
2015-10-02 22:30:00.000000, 0.0883317910322234
2015-10-02 22:35:00.000000, 0.0631100639515339
2015-10-02 22:40:00.000000, 0.0631100639515339
2015-10-02 22:45:00.000000, 0.0925341745531015
2015-10-02 22:50:00.000000, 0.0715187210769826
2015-10-02 22:55:00.000000, 0.0715187210769826
2015-10-02 23:00:00.000000, 0.100937881145649
2015-10-02 23:05:00.000000, 0.0715187210769826
2015-10-02 23:10:00.000000, 0.0883317910322234
2015-10-02 23:15:00.000000, 0.0883317910322234
2015-10-02 23:20:00.000000, 0.0631100639515339
2015-10-02 23:25:00.000000, 0.0378612595179014
2015-10-02 23:30:00.000000, 0.0210349179638128
2015-10-02 23:35:00.000000, 0.0462651413189709
2015-10-02 23:40:00.000000, 0.0756843123239317
2015-10-02 23:45:00.000000, 0.113478754255458
2015-10-02 23:50:00.000000, 0.00840265523905984
2015-10-02 23:55:00.000000, 0.0336021505376397
2015-10-03 00:00:00.000000, 0.0168038985044497
2015-10-03 00:05:00.000000, 0.0420168067226867
2015-10-03 00:10:00.000000, 0.0504159314343352
2015-10-03 00:15:00.000000, 0.0630119722747346
2015-10-03 00:20:00.000000, 0.0630119722747346
2015-10-03 00:25:00.000000, 0.0756048387096803
2015-10-03 00:30:00.000000, 0.0756048387096803
2015-10-03 00:35:00.000000, 0.0881945319390231
2015-10-03 00:40:00.000000, 0.104975855553223
2015-10-03 00:45:00.000000, 0.104975855553223
2015-10-03 00:50:00.000000, 0.0798017556386231
2015-10-03 00:55:00.000000, 0.0798017556386231
2015-10-03 01:00:00.000000, 0.0672099470721653
2015-10-03 01:05:00.000000, 0.0672099470721653
2015-10-03 01:10:00.000000, 0.0336092089232502
2015-10-03 01:15:00.000000, 0.0336092089232502
2015-10-03 01:20:00.000000, 0.0462068386121203
2015-10-03 01:25:00.000000, 0.0462068386121203
2015-10-03 01:30:00.000000, 0.058801293628466
2015-10-03 01:35:00.000000, 0.0713925751721888
2015-10-03 01:40:00.000000, 0.0713925751721888
2015-10-03 01:45:00.000000, 0.0504053429663563
2015-10-03 01:50:00.000000, 0.0504053429663563
2015-10-03 01:55:00.000000, 0.0378087716350208
2015-10-03 02:00:00.000000, 0.0881760161236177
2015-10-03 02:05:00.000000, 0.100759897560775
2015-10-03 02:10:00.000000, 0.109060402684572
2015-10-03 02:15:00.000000, 0.109010104398135
2015-10-03 02:20:00.000000, 0.108996394734632
2015-10-03 02:25:00.000000, 0.108982688519089
2015-10-03 02:30:00.000000, 0.100612056678117
2015-10-03 02:35:00.000000, 0.0545233401836998
2015-10-03 02:40:00.000000, 0.0419463087248298
2015-10-03 02:45:00.000000, 0.0964562801425833
2015-10-03 02:50:00.000000, 0.0838855800687814
2015-10-03 02:55:00.000000, 0.0419603893924112
2015-10-03 03:00:00.000000, 0.0671197248091269
2015-10-03 03:05:00.000000, 0.0796812749003975
2015-10-03 03:10:00.000000, 0.0629089079013612
2015-10-03 03:15:00.000000, 0.050327126321089
2015-10-03 03:20:00.000000, 0.0754906894816335
2015-10-03 03:25:00.000000, 0.0629089079013612
2015-10-03 03:30:00.000000, 0.0754906894816335
2015-10-03 03:35:00.000000, 0.0335500104843716
2015-10-03 03:40:00.000000, 0.0461312644160139
2015-10-03 03:45:00.000000, 0.113103217158181
2015-10-03 03:50:00.000000, 0.113122171945706
2015-10-03 03:55:00.000000, 0.113098479453769
2015-10-03 04:00:00.000000, 0.113226536945404
2015-10-03 04:05:00.000000, 0.109005534127125
2015-10-03 04:10:00.000000, 0.104742751801575
2015-10-03 04:15:00.000000, 0.109005534127125
2015-10-03 04:20:00.000000, 0.108895962472772
2015-10-03 04:25:00.000000, 0.108850372603207
2015-10-03 04:30:00.000000, 0.0460559370289791
2015-10-03 04:35:00.000000, 0.108886841444003
2015-10-03 04:40:00.000000, 0.0712220872261039
2015-10-03 04:45:00.000000, 0.00837626167441899
2015-10-03 04:50:00.000000, 0.10890964688141
2015-10-03 04:55:00.000000, 0.109019246089991
2015-10-03 05:00:00.000000, 0.108978120546575
2015-10-03 05:05:00.000000, 0.0922083909635772
2015-10-03 05:10:00.000000, 0.0921852084642777
2015-10-03 05:15:00.000000, 0.109000964239295
2015-10-03 05:20:00.000000, 0.100603621730386
2015-10-03 05:25:00.000000, 0.0755255318256228
2015-10-03 05:30:00.000000, 0.109046680367412
2015-10-03 05:35:00.000000, 0.10906497755778
2015-10-03 05:40:00.000000, 0.0965331990262695
2015-10-03 05:45:00.000000, 0.109097012420271
2015-10-03 05:50:00.000000, 0.109046680367412
2015-10-03 05:55:00.000000, 0.109051254089418
2015-10-03 06:00:00.000000, 0.0587149807079292
2015-10-03 06:05:00.000000, 0.0712967622882014
2015-10-03 06:10:00.000000, 0.0587125183476563
2015-10-03 06:15:00.000000, 0.0838750262109409
2015-10-03 06:20:00.000000, 0.0587125183476563
2015-10-03 06:25:00.000000, 0.0209687565527293
2015-10-03 06:30:00.000000, 0.0335500104843716
2015-10-03 06:35:00.000000, 0.0754875235898421
2015-10-03 06:40:00.000000, 0.0754875235898421
2015-10-03 06:45:00.000000, 0.0838750262109409
2015-10-03 06:50:00.000000, 0.109055828195122
2015-10-03 06:55:00.000000, 0.10070070910083
2015-10-03 07:00:00.000000, 0.150975047179696
2015-10-03 07:05:00.000000, 0.0838750262109409
2015-10-03 07:10:00.000000, 0.15516879849024
2015-10-03 07:15:00.000000, 0.121618788005868
2015-10-03 07:20:00.000000, 0.121618788005868
2015-10-03 07:25:00.000000, 0.121618788005868
2015-10-03 07:30:00.000000, 0.13420004193751
2015-10-03 07:35:00.000000, 0.0964562801425833
2015-10-03 07:40:00.000000, 0.125828370103172
2015-10-03 07:45:00.000000, 0.138393793248054
2015-10-03 07:50:00.000000, 0.151057401812683
2015-10-03 07:55:00.000000, 0.146867525492004
2015-10-03 08:00:00.000000, 0.188916876574303
2015-10-03 08:05:00.000000, 0.163803603679287
2015-10-03 08:10:00.000000, 0.146960026872688
2015-10-03 08:15:00.000000, 0.235017626321975
2015-10-03 08:20:00.000000, 0.201460589272219
2015-10-03 08:25:00.000000, 0.188869302442705
2015-10-03 08:30:00.000000, 0.20143522598514
2015-10-03 08:35:00.000000, 0.130055378419199
2015-10-03 08:40:00.000000, 0.104909777591272
2015-10-03 08:45:00.000000, 0.0713087248322214
2015-10-03 08:50:00.000000, 0.0209731543624209
2015-10-03 08:55:00.000000, 0.0964765100671217
2015-10-03 09:00:00.000000, 0.12164429530201
2015-10-03 09:05:00.000000, 0.12164429530201
2015-10-03 09:10:00.000000, 0.12164429530201
2015-10-03 09:15:00.000000, 0.0797113609666161
2015-10-03 09:20:00.000000, 0.104883369692901
2015-10-03 09:25:00.000000, 0.104883369692901
2015-10-03 09:30:00.000000, 0.104883369692901
2015-10-03 09:35:00.000000, 0.11746937405605
2015-10-03 09:40:00.000000, 0.11746937405605
2015-10-03 09:45:00.000000, 0.192985400234942
2015-10-03 09:50:00.000000, 0.130055378419199
2015-10-03 09:55:00.000000, 0.155227387145496
2015-10-03 10:00:00.000000, 0.155227387145496
2015-10-03 10:05:00.000000, 0.037783375314851
2015-10-03 10:10:00.000000, 0.0125944584382876
2015-10-03 10:15:00.000000, 0.15113350125944
2015-10-03 10:20:00.000000, 0.20151133501259
2015-10-03 10:25:00.000000, 0.100755667506289
2015-10-03 10:30:00.000000, 0.188916876574303
2015-10-03 10:35:00.000000, 0.125944584382864
2015-10-03 10:40:00.000000, 0.125944584382864
2015-10-03 10:45:00.000000, 0.100755667506289
2015-10-03 10:50:00.000000, 0.146935348446681
2015-10-03 10:55:00.000000, 0.176322418136015
2015-10-03 11:00:00.000000, 0.176322418136015
2015-10-03 11:05:00.000000, 0.20151133501259
2015-10-03 11:10:00.000000, 0.163727959697727
2015-10-03 11:15:00.000000, 0.226700251889165
2015-10-03 11:20:00.000000, 0.15113350125944
2015-10-03 11:25:00.000000, 0.15113350125944
2015-10-03 11:30:00.000000, 0.0419815281276215
2015-10-03 11:35:00.000000, 0.302203567681007
2015-10-03 11:40:00.000000, 0.302203567681007
2015-10-03 11:45:00.000000, 0.302203567681007
2015-10-03 11:50:00.000000, 0.302203567681007
2015-10-03 11:55:00.000000, 0.104931794333683
2015-10-03 12:00:00.000000, 0.874599142059899
2015-10-03 12:05:00.000000, 0.513805923388608
2015-10-03 12:10:00.000000, 0.530426429436583
2015-10-03 12:15:00.000000, 0.559615786176644
2015-10-03 12:20:00.000000, 0.0878514056224814
2015-10-03 12:25:00.000000, 0.0919655547195046
2015-10-03 12:30:00.000000, 0.100300902708128
2015-10-03 12:35:00.000000, 0.0668672684720815
2015-10-03 12:40:00.000000, 0.0668672684720815
2015-10-03 12:45:00.000000, 0.112767823581009
2015-10-03 12:50:00.000000, 0.0375657400450803
2015-10-03 12:55:00.000000, 0.0875656742556832
2015-10-03 13:00:00.000000, 0.100000000000004
2015-10-03 13:05:00.000000, 0.0500000000000019
2015-10-03 13:10:00.000000, 0.104166666666667
2015-10-03 13:15:00.000000, 0.100000000000004
2015-10-03 13:20:00.000000, 0.187499999999995
2015-10-03 13:25:00.000000, 0.224999999999997
2015-10-03 13:30:00.000000, 0.162499999999994
2015-10-03 13:35:00.000000, 0.174999999999995
2015-10-03 13:40:00.000000, 0.19990004997502
2015-10-03 13:45:00.000000, 0.350218886804254
2015-10-03 13:50:00.000000, 0.312695434646654
2015-10-03 13:55:00.000000, 0.337711069418387
2015-10-03 14:00:00.000000, 0.350131299237215
2015-10-03 14:05:00.000000, 0.300187617260788
2015-10-03 14:10:00.000000, 0.300262729888652
2015-10-03 14:15:00.000000, 0.250156347717321
2015-10-03 14:20:00.000000, 0.174978127734028
2015-10-03 14:25:00.000000, 0.187499999999995
2015-10-03 14:30:00.000000, 0.199975003124605
2015-10-03 14:35:00.000000, 0.199975003124605
2015-10-03 14:40:00.000000, 0.28300316297653
2015-10-03 14:45:00.000000, 0.270697984341165
2015-10-03 14:50:00.000000, 0.258354862905232
2015-10-03 14:55:00.000000, 0.262423459824216
2015-10-03 15:00:00.000000, 0.295784035993993
2015-10-03 15:05:00.000000, 0.320699708454803
2015-10-03 15:10:00.000000, 0.279166666666661
2015-10-03 15:15:00.000000, 0.220943805235952
2015-10-03 15:20:00.000000, 0.279259753251078
2015-10-03 15:25:00.000000, 0.279236475785608
2015-10-03 15:30:00.000000, 0.237559389847459
2015-10-03 15:35:00.000000, 0.25829028495251
2015-10-03 15:40:00.000000, 0.279015533252816
2015-10-03 15:45:00.000000, 0.258322569892923
2015-10-03 15:50:00.000000, 0.274782463882758
2015-10-03 15:55:00.000000, 0.241354916566107
2015-10-03 16:00:00.000000, 0.253712099155685
2015-10-03 16:05:00.000000, 0.245332446255563
2015-10-03 16:10:00.000000, 0.0374828203739967
2015-10-03 16:15:00.000000, 0.0499708503372933
2015-10-03 16:20:00.000000, 0.0582944703530923
2015-10-03 16:25:00.000000, 0.0333111259160493
2015-10-03 16:30:00.000000, 0.0416510475238429
2015-10-03 16:35:00.000000, 0.024994792751511
2015-10-03 16:40:00.000000, 0.0458066128091885
2015-10-03 16:45:00.000000, 0.0874344241818669
2015-10-03 16:50:00.000000, 0.0874344241818669
2015-10-03 16:55:00.000000, 0.0583066094706654
2015-10-03 17:00:00.000000, 0.0749531542785787
2015-10-03 17:05:00.000000, 0.0749531542785787
2015-10-03 17:10:00.000000, 0.0749531542785787
2015-10-03 17:15:00.000000, 0.0749531542785787
2015-10-03 17:20:00.000000, 0.0707831952367021
2015-10-03 17:25:00.000000, 0.0666777796299369
2015-10-03 17:30:00.000000, 0.0750062505208677
2015-10-03 17:35:00.000000, 0.0500166722240647
2015-10-03 17:40:00.000000, 0.0541824698870485
2015-10-03 17:45:00.000000, 0.0125088604428141
2015-10-03 17:50:00.000000, 0.10840560373582
2015-10-03 17:55:00.000000, 0.108392045691412
2015-10-03 18:00:00.000000, 0.108432730002499
2015-10-03 18:05:00.000000, 0.108473444866282
2015-10-03 18:10:00.000000, 0.100104275286761
2015-10-03 18:15:00.000000, 0.108477970627511
2015-10-03 18:20:00.000000, 0.108450821723542
2015-10-03 18:25:00.000000, 0.108446298227316
2015-10-03 18:30:00.000000, 0.104275286757039
2015-10-03 18:35:00.000000, 0.11257505003336
2015-10-03 18:40:00.000000, 0.112471882029497
2015-10-03 18:45:00.000000, 0.112462512495839
2015-10-03 18:50:00.000000, 0.22075055187638
2015-10-03 18:55:00.000000, 0.0792690558638232
2015-10-03 19:00:00.000000, 0.108468919482683
2015-10-03 19:05:00.000000, 0.0709456639679559
2015-10-03 19:10:00.000000, 0.0876131670073879
2015-10-03 19:15:00.000000, 0.0667807504486817
2015-10-03 19:20:00.000000, 0.0584234027458942
2015-10-03 19:25:00.000000, 0.100150225337999
2015-10-03 19:30:00.000000, 0.07509073463769
2015-10-03 19:35:00.000000, 0.100091750771544
2015-10-03 19:40:00.000000, 0.108446298227316
2015-10-03 19:45:00.000000, 0.104257892322449
2015-10-03 19:50:00.000000, 0.108496077449504
2015-10-03 19:55:00.000000, 0.10012097951692
2015-10-03 20:00:00.000000, 0.0917660799199128
2015-10-03 20:05:00.000000, 0.0959172609366486
2015-10-03 20:10:00.000000, 0.108428208015343
2015-10-03 20:15:00.000000, 0.108459869848152
2015-10-03 20:20:00.000000, 0.108446298227316
2015-10-03 20:25:00.000000, 0.0708362848452085
2015-10-03 20:30:00.000000, 0.0792227828044974
2015-10-03 20:35:00.000000, 0.0958533027714064
2015-10-03 20:40:00.000000, 0.0999292168047553
2015-10-03 20:45:00.000000, 0.0999167360532809
2015-10-03 20:50:00.000000, 0.0915865284542687
2015-10-03 20:55:00.000000, 0.104036620890553
2015-10-03 21:00:00.000000, 0.104066935853141
2015-10-03 21:05:00.000000, 0.104066935853141
2015-10-03 21:10:00.000000, 0.0166666666666633
2015-10-03 21:15:00.000000, 0.0583333333333276
2015-10-03 21:20:00.000000, 0.0416666666666643
2015-10-03 21:25:00.000000, 0.10837397357342
2015-10-03 21:30:00.000000, 0.108342361863485
2015-10-03 21:35:00.000000, 0.100033344448141
2015-10-03 21:40:00.000000, 0.0625000000000024
2015-10-03 21:45:00.000000, 0.0833333333333286
2015-10-03 21:50:00.000000, 0.0416666666666643
2015-10-03 21:55:00.000000, 0.112345524903262
2015-10-03 22:00:00.000000, 0.066644451849394
2015-10-03 22:05:00.000000, 0.0916437557277343
2015-10-03 22:10:00.000000, 0.11244846112199
2015-10-03 22:15:00.000000, 0.112429731417868
2015-10-03 22:20:00.000000, 0.100041684035018
2015-10-03 22:25:00.000000, 0.0875364735306411
2015-10-03 22:30:00.000000, 0.0958533027714064
2015-10-03 22:35:00.000000, 0.10005002501251
2015-10-03 22:40:00.000000, 0.100112626705035
2015-10-03 22:45:00.000000, 0.070883542509284
2015-10-03 22:50:00.000000, 0.108423686405346
2015-10-03 22:55:00.000000, 0.108464394476667
2015-10-03 23:00:00.000000, 0.108505133127448
2015-10-03 23:05:00.000000, 0.083503820299774
2015-10-03 23:10:00.000000, 0.108468919482683
2015-10-03 23:15:00.000000, 0.0626095667418005
2015-10-03 23:20:00.000000, 0.104323151393757
2015-10-03 23:25:00.000000, 0.0667640308783629
2015-10-03 23:30:00.000000, 0.087624134190106
2015-10-03 23:35:00.000000, 0.0792822866680566
2015-10-03 23:40:00.000000, 0.108473444866282
2015-10-03 23:45:00.000000, 0.108514190317192
2015-10-03 23:50:00.000000, 0.0792822866680566
2015-10-03 23:55:00.000000, 0.100075056292211
2015-10-04 00:00:00.000000, 0.091701054562127
2015-10-04 00:05:00.000000, 0.100029175176097
2015-10-04 00:10:00.000000, 0.100054196022849
2015-10-04 00:15:00.000000, 0.0833611203734531
2015-10-04 00:20:00.000000, 0.100016669444911
2015-10-04 00:25:00.000000, 0.100020837674507
2015-10-04 00:30:00.000000, 0.041711854509061
2015-10-04 00:35:00.000000, 0.0958533027714064
2015-10-04 00:40:00.000000, 0.0917086998207507
2015-10-04 00:45:00.000000, 0.100129333722729
2015-10-04 00:50:00.000000, 0.0459155987811434
2015-10-04 00:55:00.000000, 0.0708983234631694
2015-10-04 01:00:00.000000, 0.070883542509284
2015-10-04 01:05:00.000000, 0.087540122556163
2015-10-04 01:10:00.000000, 0.0917086998207507
2015-10-04 01:15:00.000000, 0.100108450821727
2015-10-04 01:20:00.000000, 0.0875072922743477
2015-10-04 01:25:00.000000, 0.0708480933527766
2015-10-04 01:30:00.000000, 0.0958852711885681
2015-10-04 01:35:00.000000, 0.0916895890639322
2015-10-04 01:40:00.000000, 0.0999750062484417
2015-10-04 01:45:00.000000, 0.054193763548439
2015-10-04 01:50:00.000000, 0.0500145875880484
2015-10-04 01:55:00.000000, 0.100062539086921
2015-10-04 02:00:00.000000, 0.108328819632512
2015-10-04 02:05:00.000000, 0.0667027973485624
2015-10-04 02:10:00.000000, 0.0999833361106402
2015-10-04 02:15:00.000000, 0.0875912408759157
2015-10-04 02:20:00.000000, 0.0917239941630181
2015-10-04 02:25:00.000000, 0.104223120857131
2015-10-04 02:30:00.000000, 0.108387527096878
2015-10-04 02:35:00.000000, 0.104223120857131
2015-10-04 02:40:00.000000, 0.108387527096878
2015-10-04 02:45:00.000000, 0.0750625521267752
2015-10-04 02:50:00.000000, 0.100058367380976
2015-10-04 02:55:00.000000, 0.0667278338476923
2015-10-04 03:00:00.000000, 0.0875620230996989
2015-10-04 03:05:00.000000, 0.137597464870955
2015-10-04 03:10:00.000000, 0.270957522197664
2015-10-04 03:15:00.000000, 0.254283213139349
2015-10-04 03:20:00.000000, 0.0918311975622986
2015-10-04 03:25:00.000000, 0.0751189383190079
2015-10-04 03:30:00.000000, 0.0959933222036685
2015-10-04 03:35:00.000000, 0.0917967120086785
2015-10-04 03:40:00.000000, 0.100137689322811
2015-10-04 03:45:00.000000, 0.14599149078169
2015-10-04 03:50:00.000000, 0.104301389294505
2015-10-04 03:55:00.000000, 0.0917699078129558
2015-10-04 04:00:00.000000, 0.108477970627511
2015-10-04 04:05:00.000000, 0.033419667474302
2015-10-04 04:10:00.000000, 0.0208785702355032
2015-10-04 04:15:00.000000, 0.0542616245095684
2015-10-04 04:20:00.000000, 0.0292202371013496
2015-10-04 04:25:00.000000, 0.0417484239969917
2015-10-04 04:30:00.000000, 0.0708599057980024
2015-10-04 04:35:00.000000, 0.112631403303859
2015-10-04 04:40:00.000000, 0.11266900350525
2015-10-04 04:45:00.000000, 0.112636101956535
2015-10-04 04:50:00.000000, 0.0875766295508485
2015-10-04 04:55:00.000000, 0.112617309697606
2015-10-04 05:00:00.000000, 0.11253751250416
2015-10-04 05:05:00.000000, 0.112546894539396
2015-10-04 05:10:00.000000, 0.041711854509061
2015-10-04 05:15:00.000000, 0.112532822073109
2015-10-04 05:20:00.000000, 0.112504687695325
2015-10-04 05:25:00.000000, 0.11244846112199
2015-10-04 05:30:00.000000, 0.0916208562385469
2015-10-04 05:35:00.000000, 0.0832916874895956
2015-10-04 05:40:00.000000, 0.112411007952042
2015-10-04 05:45:00.000000, 0.112411007952042
2015-10-04 05:50:00.000000, 0.112485939257597
2015-10-04 05:55:00.000000, 0.112523442383822
2015-10-04 06:00:00.000000, 0.112462512495839
2015-10-04 06:05:00.000000, 0.108301745324277
2015-10-04 06:10:00.000000, 0.108550434201745
2015-10-04 06:15:00.000000, 0.108450821723542
2015-10-04 06:20:00.000000, 0.108509661533333
2015-10-04 06:25:00.000000, 0.108523249019125
2015-10-04 06:30:00.000000, 0.108609382179703
2015-10-04 06:35:00.000000, 0.108622994652414
2015-10-04 06:40:00.000000, 0.108554966389709
2015-10-04 06:45:00.000000, 0.108523249019125
2015-10-04 06:50:00.000000, 0.0250198073474844
2015-10-04 06:55:00.000000, 0.108627532901605
2015-10-04 07:00:00.000000, 0.108613919291499
