timestamp, btcusd_open, btcusd_high, btcusd_low, btcusd_close, btcusd_volume, btcusd_lastSize
datetime, float, float, float, float, float, float
T,  ,  ,  ,  ,  ,  
2018-06-10 22:58:00.000000,6702.0,6709.0,6693.0,6708.5,5802146.0,800.0
2018-06-10 22:59:00.000000,6708.5,6709.0,6700.0,6700.5,1445390.0,1500.0
2018-06-10 23:00:00.000000,6700.5,6701.0,6686.5,6694.0,6972851.0,6221.0
2018-06-10 23:01:00.000000,6694.0,6699.0,6687.0,6699.0,3857558.0,1500.0
2018-06-10 23:02:00.000000,6699.0,6701.0,6696.5,6701.0,2605783.0,10354.0
2018-06-10 23:03:00.000000,6701.0,6705.0,6700.5,6700.5,2340329.0,1000.0
2018-06-10 23:04:00.000000,6700.5,6701.0,6692.0,6692.5,1568381.0,2.0
2018-06-10 23:05:00.000000,6692.5,6710.0,6691.0,6709.5,2758465.0,34.0
2018-06-10 23:06:00.000000,6709.5,6710.0,6703.5,6703.5,1045567.0,2000.0
2018-06-10 23:07:00.000000,6703.5,6704.0,6700.0,6702.0,2059686.0,1.0
2018-06-10 23:08:00.000000,6702.0,6717.0,6702.0,6716.5,3974907.0,7500.0
2018-06-10 23:09:00.000000,6716.5,6717.0,6715.5,6716.0,2474545.0,60.0
2018-06-10 23:10:00.000000,6716.0,6742.5,6715.5,6731.0,6352078.0,10000.0
2018-06-10 23:11:00.000000,6731.0,6731.0,6723.0,6730.0,3642623.0,8320.0
2018-06-10 23:12:00.000000,6730.0,6745.5,6729.5,6740.0,4855270.0,650.0
2018-06-10 23:13:00.000000,6740.0,6748.5,6731.0,6731.5,4790106.0,9515.0
2018-06-10 23:14:00.000000,6731.5,6731.5,6727.5,6728.0,2232517.0,280.0
2018-06-10 23:15:00.000000,6728.0,6736.5,6727.5,6736.5,1548496.0,5710.0
2018-06-10 23:16:00.000000,6736.5,6736.5,6722.0,6723.0,4214072.0,280.0
2018-06-10 23:17:00.000000,6723.0,6727.0,6721.5,6727.0,2790768.0,1062.0
2018-06-10 23:18:00.000000,6727.0,6731.5,6726.0,6726.0,2292700.0,2301.0
2018-06-10 23:19:00.000000,6726.0,6726.5,6719.0,6720.5,1163907.0,1.0
2018-06-10 23:20:00.000000,6720.5,6720.5,6720.0,6720.5,1103196.0,10.0
2018-06-10 23:21:00.000000,6720.5,6720.5,6720.0,6720.5,672945.0,311.0
2018-06-10 23:22:00.000000,6720.5,6720.5,6715.5,6715.5,1124413.0,3644.0
2018-06-10 23:23:00.000000,6715.5,6716.0,6715.5,6715.5,963301.0,200.0
2018-06-10 23:24:00.000000,6715.5,6716.0,6715.0,6715.5,1631928.0,750.0
2018-06-10 23:25:00.000000,6715.5,6715.0,6711.5,6712.0,1037425.0,136.0
2018-06-10 23:26:00.000000,6712.0,6715.0,6711.5,6715.0,1071277.0,800.0
2018-06-10 23:27:00.000000,6715.0,6720.5,6715.5,6720.5,993811.0,50000.0
2018-06-10 23:28:00.000000,6720.5,6723.5,6720.0,6720.5,1271728.0,312.0
2018-06-10 23:29:00.000000,6720.5,6720.5,6720.0,6720.5,291768.0,2652.0
2018-06-10 23:30:00.000000,6720.5,6720.5,6720.0,6720.0,217753.0,200.0
2018-06-10 23:31:00.000000,6720.0,6720.5,6720.0,6720.5,361134.0,400.0
2018-06-10 23:32:00.000000,6720.5,6728.5,6721.0,6728.5,1022427.0,906.0
2018-06-10 23:33:00.000000,6728.5,6730.0,6725.0,6725.5,2511988.0,3029.0
2018-06-10 23:34:00.000000,6725.5,6743.0,6725.0,6743.0,5522043.0,189.0
2018-06-10 23:35:00.000000,6743.0,6743.0,6735.5,6735.5,2557304.0,2031.0
2018-06-10 23:36:00.000000,6735.5,6738.5,6735.5,6738.5,1532621.0,20000.0
2018-06-10 23:37:00.000000,6738.5,6742.5,6738.5,6742.5,2020154.0,300.0
2018-06-10 23:38:00.000000,6742.5,6742.5,6738.5,6738.5,2610308.0,20000.0
2018-06-10 23:39:00.000000,6738.5,6739.0,6731.0,6734.5,2109729.0,52323.0
2018-06-10 23:40:00.000000,6734.5,6734.5,6734.0,6734.0,440264.0,300.0
2018-06-10 23:41:00.000000,6734.0,6734.5,6732.5,6732.5,704615.0,10177.0
2018-06-10 23:42:00.000000,6732.5,6733.0,6731.0,6731.5,635194.0,10.0
2018-06-10 23:43:00.000000,6731.5,6731.5,6729.0,6729.0,908950.0,5000.0
2018-06-10 23:44:00.000000,6729.0,6729.5,6727.0,6728.0,994548.0,500.0
2018-06-10 23:45:00.000000,6728.0,6733.0,6727.5,6733.0,1706463.0,366.0
2018-06-10 23:46:00.000000,6733.0,6738.0,6732.5,6737.5,1614640.0,2076.0
2018-06-10 23:47:00.000000,6737.5,6742.5,6737.5,6742.5,1002992.0,200.0
2018-06-10 23:48:00.000000,6742.5,6754.0,6742.0,6749.5,4639872.0,1070.0
2018-06-10 23:49:00.000000,6749.5,6755.0,6746.5,6746.5,4664789.0,100.0
2018-06-10 23:50:00.000000,6746.5,6746.5,6745.5,6746.0,1147127.0,1000.0
2018-06-10 23:51:00.000000,6746.0,6746.0,6745.5,6745.5,999800.0,10.0
2018-06-10 23:52:00.000000,6745.5,6751.5,6745.5,6751.5,838863.0,5000.0
2018-06-10 23:53:00.000000,6751.5,6758.5,6751.0,6754.5,4546696.0,2000.0
2018-06-10 23:54:00.000000,6754.5,6754.5,6748.5,6749.0,2839092.0,1407.0
2018-06-10 23:55:00.000000,6749.0,6752.0,6748.5,6752.0,1302254.0,1473.0
2018-06-10 23:56:00.000000,6752.0,6752.0,6751.5,6752.0,857636.0,4941.0
2018-06-10 23:57:00.000000,6752.0,6764.0,6752.5,6764.0,3638138.0,25.0
2018-06-10 23:58:00.000000,6764.0,6774.5,6764.5,6765.0,5711096.0,5000.0
2018-06-10 23:59:00.000000,6765.0,6765.0,6758.5,6764.0,1793165.0,500.0
2018-06-11 00:00:00.000000,6764.0,6767.0,6764.0,6767.0,1026484.0,100.0
2018-06-11 00:01:00.000000,6767.0,6767.5,6743.0,6745.0,5722289.0,1500.0
2018-06-11 00:02:00.000000,6745.0,6755.0,6744.5,6750.0,3428102.0,7867.0
2018-06-11 00:03:00.000000,6750.0,6751.5,6749.5,6751.5,1654699.0,200.0
2018-06-11 00:04:00.000000,6751.5,6757.0,6751.0,6757.0,780678.0,1000.0
2018-06-11 00:05:00.000000,6757.0,6757.0,6747.5,6747.5,1314556.0,4000.0
2018-06-11 00:06:00.000000,6747.5,6750.0,6745.5,6750.0,2133429.0,500.0
2018-06-11 00:07:00.000000,6750.0,6750.5,6749.5,6749.5,1885006.0,1000.0
2018-06-11 00:08:00.000000,6749.5,6749.5,6743.5,6743.5,852972.0,6000.0
2018-06-11 00:09:00.000000,6743.5,6744.0,6731.0,6740.0,5975135.0,625.0
2018-06-11 00:10:00.000000,6740.0,6740.5,6740.0,6740.5,616168.0,2000.0
2018-06-11 00:11:00.000000,6740.5,6740.5,6734.5,6738.0,2229392.0,2081.0
2018-06-11 00:12:00.000000,6738.0,6743.5,6737.5,6743.5,726812.0,544.0
2018-06-11 00:13:00.000000,6743.5,6748.0,6743.0,6747.5,892355.0,20000.0
2018-06-11 00:14:00.000000,6747.5,6748.5,6741.0,6741.0,882595.0,3000.0
2018-06-11 00:15:00.000000,6741.0,6741.5,6734.5,6734.5,1661348.0,809.0
2018-06-11 00:16:00.000000,6734.5,6740.0,6734.5,6739.5,1770663.0,250.0
2018-06-11 00:17:00.000000,6739.5,6740.0,6739.5,6740.0,205158.0,1000.0
2018-06-11 00:18:00.000000,6740.0,6740.0,6739.5,6740.0,1265574.0,118.0
2018-06-11 00:19:00.000000,6740.0,6740.0,6739.5,6739.5,202012.0,1332.0
2018-06-11 00:20:00.000000,6739.5,6739.5,6738.0,6738.0,657920.0,1000.0
2018-06-11 00:21:00.000000,6738.0,6738.5,6737.0,6738.5,2137134.0,7916.0
2018-06-11 00:22:00.000000,6738.5,6743.5,6738.0,6743.5,584321.0,1000.0
2018-06-11 00:23:00.000000,6743.5,6745.0,6743.5,6745.0,628396.0,8375.0
2018-06-11 00:24:00.000000,6745.0,6746.0,6745.5,6746.0,225805.0,500.0
2018-06-11 00:25:00.000000,6746.0,6746.5,6745.5,6746.0,642111.0,5000.0
2018-06-11 00:26:00.000000,6746.0,6746.0,6744.0,6744.5,605248.0,2500.0
2018-06-11 00:27:00.000000,6744.5,6744.5,6744.0,6744.5,178292.0,100.0
2018-06-11 00:28:00.000000,6744.5,6744.5,6743.5,6744.0,593672.0,9379.0
2018-06-11 00:29:00.000000,6744.0,6744.0,6743.5,6743.5,275582.0,1950.0
2018-06-11 00:30:00.000000,6743.5,6745.5,6743.5,6745.5,713747.0,1000.0
2018-06-11 00:31:00.000000,6745.5,6750.0,6745.0,6750.0,1436205.0,6500.0
2018-06-11 00:32:00.000000,6750.0,6750.0,6743.0,6743.0,2000663.0,1000.0
2018-06-11 00:33:00.000000,6743.0,6743.5,6738.0,6739.5,1773008.0,500.0
2018-06-11 00:34:00.000000,6739.5,6739.5,6739.0,6739.0,379552.0,33.0
2018-06-11 00:35:00.000000,6739.0,6739.5,6738.5,6739.0,1075278.0,2166.0
2018-06-11 00:36:00.000000,6739.0,6739.0,6738.0,6738.0,246585.0,1144.0
2018-06-11 00:37:00.000000,6738.0,6738.5,6737.5,6738.0,315559.0,284.0
2018-06-11 00:38:00.000000,6738.0,6738.0,6735.0,6735.5,2191774.0,5.0
2018-06-11 00:39:00.000000,6735.5,6735.5,6735.0,6735.5,278953.0,40991.0
2018-06-11 00:40:00.000000,6735.5,6735.5,6735.0,6735.5,609165.0,2427.0
2018-06-11 00:41:00.000000,6735.5,6735.5,6735.0,6735.0,555068.0,7.0
2018-06-11 00:42:00.000000,6735.0,6735.5,6732.5,6732.5,1596069.0,500.0
2018-06-11 00:43:00.000000,6732.5,6733.0,6730.5,6730.5,1000364.0,250.0
2018-06-11 00:44:00.000000,6730.5,6731.0,6719.0,6719.5,3007357.0,282.0
2018-06-11 00:45:00.000000,6719.5,6722.0,6706.5,6719.5,5684222.0,1225.0
2018-06-11 00:46:00.000000,6719.5,6720.0,6719.5,6720.0,1430256.0,282.0
2018-06-11 00:47:00.000000,6720.0,6728.5,6719.5,6728.0,2633704.0,2000.0
2018-06-11 00:48:00.000000,6728.0,6732.0,6725.5,6725.5,1972271.0,36.0
2018-06-11 00:49:00.000000,6725.5,6727.0,6725.5,6727.0,446515.0,500.0
2018-06-11 00:50:00.000000,6727.0,6727.0,6726.5,6727.0,131340.0,150.0
2018-06-11 00:51:00.000000,6727.0,6727.0,6726.5,6726.5,178634.0,2000.0
2018-06-11 00:52:00.000000,6726.5,6727.0,6726.5,6726.5,506770.0,1500.0
2018-06-11 00:53:00.000000,6726.5,6727.0,6726.5,6727.0,558987.0,100.0
2018-06-11 00:54:00.000000,6727.0,6729.0,6726.5,6728.5,1069788.0,330.0
2018-06-11 00:55:00.000000,6728.5,6729.0,6728.5,6728.5,405291.0,21654.0
2018-06-11 00:56:00.000000,6728.5,6729.0,6725.0,6725.0,2254146.0,50.0
2018-06-11 00:57:00.000000,6725.0,6725.5,6725.0,6725.5,970359.0,10.0
2018-06-11 00:58:00.000000,6725.5,6725.5,6725.0,6725.0,350732.0,120.0
2018-06-11 00:59:00.000000,6725.0,6725.5,6725.0,6725.5,155665.0,500.0
2018-06-11 01:00:00.000000,6725.5,6725.5,6725.0,6725.0,182818.0,1900.0
2018-06-11 01:01:00.000000,6725.0,6725.5,6725.0,6725.0,637780.0,9214.0
2018-06-11 01:02:00.000000,6725.0,6725.5,6710.5,6710.5,3367989.0,7334.0
2018-06-11 01:03:00.000000,6710.5,6714.0,6708.5,6713.5,3650870.0,1645.0
2018-06-11 01:04:00.000000,6713.5,6714.0,6713.0,6713.5,1891220.0,1423.0
2018-06-11 01:05:00.000000,6713.5,6715.0,6713.0,6715.0,868563.0,8682.0
2018-06-11 01:06:00.000000,6715.0,6723.0,6715.0,6723.0,964305.0,6724.0
2018-06-11 01:07:00.000000,6723.0,6727.0,6722.5,6726.5,648144.0,480.0
2018-06-11 01:08:00.000000,6726.5,6727.0,6726.5,6727.0,334434.0,1000.0
2018-06-11 01:09:00.000000,6727.0,6727.0,6726.5,6727.0,678519.0,250.0
2018-06-11 01:10:00.000000,6727.0,6727.0,6726.5,6726.5,1133578.0,500.0
2018-06-11 01:11:00.000000,6726.5,6727.0,6723.5,6723.5,1064743.0,68910.0
2018-06-11 01:12:00.000000,6723.5,6724.0,6720.0,6720.0,1273498.0,20000.0
2018-06-11 01:13:00.000000,6720.0,6720.5,6716.0,6716.0,1126353.0,14.0
2018-06-11 01:14:00.000000,6716.0,6719.0,6716.0,6718.5,882181.0,500.0
2018-06-11 01:15:00.000000,6718.5,6719.0,6718.5,6719.0,224908.0,1111.0
2018-06-11 01:16:00.000000,6719.0,6719.0,6718.5,6719.0,698853.0,1111.0
2018-06-11 01:17:00.000000,6719.0,6719.0,6718.5,6719.0,232129.0,1.0
2018-06-11 01:18:00.000000,6719.0,6719.0,6713.0,6713.5,1640493.0,63780.0
2018-06-11 01:19:00.000000,6713.5,6714.0,6708.0,6713.5,2794024.0,4444.0
2018-06-11 01:20:00.000000,6713.5,6714.0,6705.5,6706.0,816839.0,36.0
2018-06-11 01:21:00.000000,6706.0,6706.0,6705.0,6705.5,1652662.0,1.0
2018-06-11 01:22:00.000000,6705.5,6705.5,6685.5,6685.5,7271292.0,30193.0
2018-06-11 01:23:00.000000,6685.5,6715.0,6678.0,6712.5,8050474.0,100.0
2018-06-11 01:24:00.000000,6712.5,6717.0,6709.5,6717.0,2696738.0,15034.0
2018-06-11 01:25:00.000000,6717.0,6722.0,6716.5,6722.0,2102885.0,2582.0
2018-06-11 01:26:00.000000,6722.0,6722.0,6713.0,6713.0,2573856.0,4000.0
2018-06-11 01:27:00.000000,6713.0,6713.5,6710.5,6711.0,1666426.0,10000.0
2018-06-11 01:28:00.000000,6711.0,6721.0,6711.0,6718.5,1161461.0,2000.0
2018-06-11 01:29:00.000000,6718.5,6732.0,6718.5,6731.5,2728481.0,10000.0
2018-06-11 01:30:00.000000,6731.5,6743.0,6721.5,6722.5,7361731.0,5288.0
2018-06-11 01:31:00.000000,6722.5,6730.0,6722.5,6727.5,2375063.0,6000.0
2018-06-11 01:32:00.000000,6727.5,6735.0,6728.0,6732.5,1428610.0,1.0
2018-06-11 01:33:00.000000,6732.5,6733.0,6728.0,6728.0,968981.0,874.0
2018-06-11 01:34:00.000000,6728.0,6729.5,6727.5,6729.0,997585.0,50.0
2018-06-11 01:35:00.000000,6729.0,6731.5,6729.0,6731.0,347042.0,200.0
2018-06-11 01:36:00.000000,6731.0,6731.5,6726.0,6726.0,1469497.0,3662.0
2018-06-11 01:37:00.000000,6726.0,6726.0,6725.5,6725.5,242905.0,5000.0
2018-06-11 01:38:00.000000,6725.5,6726.5,6725.5,6726.5,1343541.0,15000.0
2018-06-11 01:39:00.000000,6726.5,6730.5,6726.0,6730.0,274161.0,5000.0
2018-06-11 01:40:00.000000,6730.0,6733.0,6730.0,6733.0,568612.0,300.0
2018-06-11 01:41:00.000000,6733.0,6733.0,6732.5,6732.5,151187.0,1498.0
2018-06-11 01:42:00.000000,6732.5,6745.0,6732.5,6741.5,4433291.0,5727.0
2018-06-11 01:43:00.000000,6741.5,6744.5,6741.0,6741.0,3633770.0,7928.0
2018-06-11 01:44:00.000000,6741.0,6741.5,6735.0,6735.0,2760514.0,8804.0
2018-06-11 01:45:00.000000,6735.0,6735.5,6734.5,6734.5,772119.0,2000.0
2018-06-11 01:46:00.000000,6734.5,6735.0,6732.5,6732.5,1048014.0,400.0
2018-06-11 01:47:00.000000,6732.5,6733.0,6732.5,6732.5,1130645.0,538.0
2018-06-11 01:48:00.000000,6732.5,6734.5,6732.5,6734.5,445134.0,5000.0
2018-06-11 01:49:00.000000,6734.5,6737.5,6734.5,6737.0,303100.0,5000.0
2018-06-11 01:50:00.000000,6737.0,6744.0,6737.0,6744.0,918768.0,1000.0
2018-06-11 01:51:00.000000,6744.0,6744.0,6742.0,6742.0,1289738.0,3000.0
2018-06-11 01:52:00.000000,6742.0,6743.0,6742.0,6742.5,1243320.0,600.0
2018-06-11 01:53:00.000000,6742.5,6745.5,6742.5,6745.5,1173391.0,20000.0
2018-06-11 01:54:00.000000,6745.5,6750.0,6745.0,6746.0,2255529.0,600.0
2018-06-11 01:55:00.000000,6746.0,6746.5,6742.5,6742.5,1106100.0,795.0
2018-06-11 01:56:00.000000,6742.5,6743.0,6737.5,6737.5,1179454.0,34567.0
2018-06-11 01:57:00.000000,6737.5,6737.5,6735.0,6735.0,660318.0,1000.0
2018-06-11 01:58:00.000000,6735.0,6736.5,6735.0,6736.5,1113470.0,1975.0
2018-06-11 01:59:00.000000,6736.5,6740.0,6736.0,6740.0,675361.0,654.0
2018-06-11 02:00:00.000000,6740.0,6752.0,6740.0,6752.0,2799864.0,15792.0
2018-06-11 02:01:00.000000,6752.0,6752.0,6745.0,6745.0,3773488.0,378.0
2018-06-11 02:02:00.000000,6745.0,6745.5,6745.0,6745.5,1137100.0,27.0
2018-06-11 02:03:00.000000,6745.5,6753.0,6745.0,6753.0,2166451.0,1000.0
2018-06-11 02:04:00.000000,6753.0,6777.5,6752.5,6762.0,9344102.0,4362.0
2018-06-11 02:05:00.000000,6762.0,6762.0,6756.0,6758.5,3372785.0,30000.0
2018-06-11 02:06:00.000000,6758.5,6774.0,6758.0,6771.0,3175165.0,51300.0
2018-06-11 02:07:00.000000,6771.0,6771.0,6761.5,6770.0,2405025.0,6500.0
2018-06-11 02:08:00.000000,6770.0,6794.0,6769.5,6789.5,8717151.0,350.0
2018-06-11 02:09:00.000000,6789.5,6794.5,6781.5,6781.5,6209744.0,12747.0
2018-06-11 02:10:00.000000,6781.5,6782.0,6776.0,6776.0,2397429.0,6904.0
2018-06-11 02:11:00.000000,6776.0,6784.0,6776.0,6782.0,3094215.0,5.0
2018-06-11 02:12:00.000000,6782.0,6782.0,6781.5,6782.0,525457.0,75.0
2018-06-11 02:13:00.000000,6782.0,6783.5,6781.5,6783.5,728063.0,1000.0
2018-06-11 02:14:00.000000,6783.5,6783.5,6781.0,6781.5,2464388.0,300.0
2018-06-11 02:15:00.000000,6781.5,6781.0,6777.0,6777.5,1758550.0,1588.0
2018-06-11 02:16:00.000000,6777.5,6782.0,6777.0,6777.5,3150197.0,25.0
2018-06-11 02:17:00.000000,6777.5,6777.5,6772.0,6772.0,1317344.0,2700.0
2018-06-11 02:18:00.000000,6772.0,6776.5,6765.0,6776.5,4369011.0,9000.0
2018-06-11 02:19:00.000000,6776.5,6776.5,6776.0,6776.5,1205126.0,10000.0
2018-06-11 02:20:00.000000,6776.5,6785.0,6776.0,6784.5,1651529.0,15000.0
2018-06-11 02:21:00.000000,6784.5,6787.0,6776.0,6776.5,2207471.0,1000.0
2018-06-11 02:22:00.000000,6776.5,6780.0,6776.0,6780.0,1756154.0,400.0
2018-06-11 02:23:00.000000,6780.0,6784.5,6779.5,6784.5,2143781.0,10000.0
2018-06-11 02:24:00.000000,6784.5,6784.5,6779.5,6780.0,2707613.0,1000.0
2018-06-11 02:25:00.000000,6780.0,6783.5,6779.5,6782.5,2221538.0,10000.0
2018-06-11 02:26:00.000000,6782.5,6783.0,6778.5,6778.5,1189036.0,30.0
2018-06-11 02:27:00.000000,6778.5,6779.0,6778.5,6778.5,350012.0,1000.0
2018-06-11 02:28:00.000000,6778.5,6795.0,6778.5,6795.0,4495775.0,33949.0
2018-06-11 02:29:00.000000,6795.0,6817.5,6795.0,6803.0,15228333.0,5597.0
2018-06-11 02:30:00.000000,6803.0,6804.5,6798.5,6798.5,6739236.0,49148.0
2018-06-11 02:31:00.000000,6798.5,6799.0,6792.0,6792.0,3419669.0,560.0
2018-06-11 02:32:00.000000,6792.0,6797.5,6792.0,6797.5,4598283.0,8718.0
2018-06-11 02:33:00.000000,6797.5,6806.5,6797.5,6806.5,3685777.0,2527.0
2018-06-11 02:34:00.000000,6806.5,6811.5,6800.0,6800.5,8060965.0,3257.0
2018-06-11 02:35:00.000000,6800.5,6800.5,6791.5,6792.0,2660337.0,2200.0
2018-06-11 02:36:00.000000,6792.0,6792.0,6789.5,6790.5,2686418.0,3808.0
2018-06-11 02:37:00.000000,6790.5,6796.5,6790.0,6796.5,1641697.0,20000.0
2018-06-11 02:38:00.000000,6796.5,6796.5,6781.0,6781.5,5136349.0,100.0
2018-06-11 02:39:00.000000,6781.5,6783.0,6771.5,6772.0,5948713.0,200.0
2018-06-11 02:40:00.000000,6772.0,6779.0,6769.5,6772.0,3655059.0,7850.0
2018-06-11 02:41:00.000000,6772.0,6772.5,6766.5,6767.0,2534675.0,2000.0
2018-06-11 02:42:00.000000,6767.0,6767.5,6762.0,6765.5,3006482.0,18803.0
2018-06-11 02:43:00.000000,6765.5,6777.0,6765.0,6777.0,3200858.0,2200.0
2018-06-11 02:44:00.000000,6777.0,6777.5,6773.0,6774.5,2715932.0,5010.0
2018-06-11 02:45:00.000000,6774.5,6775.0,6768.0,6768.0,759868.0,5804.0
2018-06-11 02:46:00.000000,6768.0,6768.5,6767.0,6767.0,421229.0,2766.0
2018-06-11 02:47:00.000000,6767.0,6771.5,6767.0,6771.5,1774880.0,4000.0
2018-06-11 02:48:00.000000,6771.5,6771.5,6768.0,6768.0,1286749.0,96.0
2018-06-11 02:49:00.000000,6768.0,6768.5,6768.0,6768.0,394910.0,50.0
2018-06-11 02:50:00.000000,6768.0,6769.0,6768.0,6769.0,1562277.0,5000.0
2018-06-11 02:51:00.000000,6769.0,6775.5,6768.5,6775.5,1540004.0,50.0
2018-06-11 02:52:00.000000,6775.5,6781.0,6775.5,6781.0,1256396.0,60.0
2018-06-11 02:53:00.000000,6781.0,6782.5,6778.5,6779.0,1965148.0,1000.0
2018-06-11 02:54:00.000000,6779.0,6781.5,6778.5,6781.5,801926.0,3000.0
2018-06-11 02:55:00.000000,6781.5,6781.5,6781.0,6781.0,306756.0,5146.0
2018-06-11 02:56:00.000000,6781.0,6781.5,6778.0,6779.0,1713198.0,50.0
2018-06-11 02:57:00.000000,6779.0,6779.0,6774.5,6774.5,1940462.0,22000.0
2018-06-11 02:58:00.000000,6774.5,6775.0,6774.5,6775.0,849018.0,100.0
2018-06-11 02:59:00.000000,6775.0,6775.0,6774.5,6774.5,730632.0,100.0
2018-06-11 03:00:00.000000,6774.5,6775.0,6774.5,6775.0,265759.0,2000.0
2018-06-11 03:01:00.000000,6775.0,6775.0,6774.5,6774.5,653985.0,2444.0
2018-06-11 03:02:00.000000,6774.5,6775.0,6774.5,6775.0,145069.0,20000.0
2018-06-11 03:03:00.000000,6775.0,6780.0,6774.5,6779.5,1925796.0,1283.0
2018-06-11 03:04:00.000000,6779.5,6780.0,6779.5,6780.0,548525.0,3000.0
2018-06-11 03:05:00.000000,6780.0,6781.5,6779.5,6781.0,669353.0,600.0
2018-06-11 03:06:00.000000,6781.0,6781.0,6779.0,6779.0,1626747.0,9000.0
2018-06-11 03:07:00.000000,6779.0,6779.5,6779.0,6779.5,264907.0,3500.0
2018-06-11 03:08:00.000000,6779.5,6779.5,6779.0,6779.5,281944.0,9741.0
2018-06-11 03:09:00.000000,6779.5,6780.0,6779.0,6780.0,357097.0,2000.0
2018-06-11 03:10:00.000000,6780.0,6780.0,6779.5,6780.0,332425.0,100.0
2018-06-11 03:11:00.000000,6780.0,6780.0,6775.5,6776.0,2239387.0,500.0
2018-06-11 03:12:00.000000,6776.0,6780.0,6776.5,6780.0,426065.0,543.0
2018-06-11 03:13:00.000000,6780.0,6790.0,6779.5,6790.0,1870343.0,4769.0
2018-06-11 03:14:00.000000,6790.0,6794.5,6785.0,6790.0,2856151.0,3000.0
2018-06-11 03:15:00.000000,6790.0,6790.0,6786.5,6786.5,573672.0,16.0
2018-06-11 03:16:00.000000,6786.5,6787.0,6784.5,6784.5,525114.0,500.0
2018-06-11 03:17:00.000000,6784.5,6784.5,6779.5,6779.5,932615.0,21000.0
2018-06-11 03:18:00.000000,6779.5,6780.0,6779.0,6779.0,616889.0,1482.0
2018-06-11 03:19:00.000000,6779.0,6781.0,6779.0,6781.0,695475.0,2000.0
2018-06-11 03:20:00.000000,6781.0,6784.5,6780.5,6784.5,660144.0,499.0
2018-06-11 03:21:00.000000,6784.5,6785.0,6784.0,6784.5,478521.0,7297.0
2018-06-11 03:22:00.000000,6784.5,6785.0,6779.5,6780.0,673504.0,10.0
2018-06-11 03:23:00.000000,6780.0,6781.5,6778.5,6778.5,1121017.0,200.0
2018-06-11 03:24:00.000000,6778.5,6778.5,6776.0,6776.5,588872.0,77700.0
2018-06-11 03:25:00.000000,6776.5,6776.5,6776.0,6776.0,735366.0,6330.0
2018-06-11 03:26:00.000000,6776.0,6776.5,6776.0,6776.0,342313.0,3000.0
2018-06-11 03:27:00.000000,6776.0,6776.0,6773.0,6773.5,736705.0,1000.0
2018-06-11 03:28:00.000000,6773.5,6773.5,6771.0,6771.5,1295965.0,10.0
2018-06-11 03:29:00.000000,6771.5,6771.5,6761.0,6762.5,4861705.0,750.0
2018-06-11 03:30:00.000000,6762.5,6773.5,6757.0,6773.5,4255151.0,263.0
2018-06-11 03:31:00.000000,6773.5,6773.5,6769.5,6769.5,1903463.0,3611.0
2018-06-11 03:32:00.000000,6769.5,6770.0,6768.5,6768.5,879619.0,8000.0
2018-06-11 03:33:00.000000,6768.5,6768.5,6765.0,6768.5,1862993.0,1000.0
2018-06-11 03:34:00.000000,6768.5,6768.5,6763.5,6764.0,1276512.0,10000.0
2018-06-11 03:35:00.000000,6764.0,6764.0,6763.5,6764.0,879549.0,152.0
2018-06-11 03:36:00.000000,6764.0,6769.5,6763.5,6769.0,850986.0,240.0
2018-06-11 03:37:00.000000,6769.0,6771.5,6769.0,6771.0,1290332.0,1000.0
2018-06-11 03:38:00.000000,6771.0,6773.0,6770.0,6770.0,745454.0,500.0
2018-06-11 03:39:00.000000,6770.0,6770.5,6770.0,6770.0,265321.0,100.0
2018-06-11 03:40:00.000000,6770.0,6772.0,6770.0,6772.0,651235.0,2387.0
2018-06-11 03:41:00.000000,6772.0,6782.0,6772.0,6780.5,2138342.0,950.0
2018-06-11 03:42:00.000000,6780.5,6781.5,6780.0,6781.5,980088.0,20000.0
2018-06-11 03:43:00.000000,6781.5,6782.5,6781.0,6781.5,654088.0,400.0
2018-06-11 03:44:00.000000,6781.5,6782.0,6778.0,6778.5,1675741.0,5.0
2018-06-11 03:45:00.000000,6778.5,6781.0,6778.0,6780.5,1946181.0,400.0
2018-06-11 03:46:00.000000,6780.5,6781.0,6780.0,6780.5,466286.0,100.0
2018-06-11 03:47:00.000000,6780.5,6780.5,6778.5,6778.5,377955.0,350.0
2018-06-11 03:48:00.000000,6778.5,6779.0,6778.5,6779.0,149455.0,1400.0
2018-06-11 03:49:00.000000,6779.0,6779.0,6778.5,6778.5,115040.0,2000.0
2018-06-11 03:50:00.000000,6778.5,6779.0,6778.5,6778.5,619001.0,1000.0
2018-06-11 03:51:00.000000,6778.5,6779.0,6778.5,6778.5,53571.0,483.0
2018-06-11 03:52:00.000000,6778.5,6779.0,6778.5,6779.0,567570.0,2000.0
2018-06-11 03:53:00.000000,6779.0,6779.0,6777.0,6777.0,693891.0,1000.0
2018-06-11 03:54:00.000000,6777.0,6777.0,6773.0,6773.0,745330.0,6000.0
2018-06-11 03:55:00.000000,6773.0,6773.5,6770.5,6771.0,837235.0,7011.0
2018-06-11 03:56:00.000000,6771.0,6777.0,6770.5,6776.5,1631454.0,10171.0
2018-06-11 03:57:00.000000,6776.5,6777.0,6776.5,6777.0,528760.0,4344.0
2018-06-11 03:58:00.000000,6777.0,6777.0,6776.5,6777.0,328487.0,500.0
2018-06-11 03:59:00.000000,6777.0,6777.5,6776.5,6777.5,657503.0,2000.0
2018-06-11 04:00:00.000000,6777.5,6777.5,6777.0,6777.0,1458004.0,1500.0
2018-06-11 04:01:00.000000,6777.0,6777.0,6767.5,6770.0,4310174.0,500.0
2018-06-11 04:02:00.000000,6770.0,6777.5,6769.5,6775.5,1234966.0,1000.0
2018-06-11 04:03:00.000000,6775.5,6776.0,6763.0,6763.5,3963339.0,33000.0
2018-06-11 04:04:00.000000,6763.5,6768.5,6763.0,6768.5,1626690.0,50.0
2018-06-11 04:05:00.000000,6768.5,6768.5,6763.0,6763.0,1574978.0,200.0
2018-06-11 04:06:00.000000,6763.0,6763.5,6744.5,6751.5,6745604.0,1000.0
2018-06-11 04:07:00.000000,6751.5,6759.0,6751.0,6758.5,2150179.0,150.0
2018-06-11 04:08:00.000000,6758.5,6759.0,6758.0,6758.0,1843439.0,5000.0
2018-06-11 04:09:00.000000,6758.0,6758.5,6751.0,6751.5,2656949.0,200.0
2018-06-11 04:10:00.000000,6751.5,6758.0,6751.5,6757.0,1267931.0,1400.0
2018-06-11 04:11:00.000000,6757.0,6757.5,6750.0,6753.0,2078485.0,400.0
2018-06-11 04:12:00.000000,6753.0,6753.5,6753.0,6753.5,1118851.0,2000.0
2018-06-11 04:13:00.000000,6753.5,6757.0,6753.0,6757.0,1971599.0,10000.0
2018-06-11 04:14:00.000000,6757.0,6762.0,6756.5,6762.0,787806.0,200.0
2018-06-11 04:15:00.000000,6762.0,6763.5,6761.5,6763.5,462255.0,4306.0
2018-06-11 04:16:00.000000,6763.5,6763.5,6763.0,6763.5,996593.0,1.0
2018-06-11 04:17:00.000000,6763.5,6763.5,6761.5,6761.5,658930.0,1.0
2018-06-11 04:18:00.000000,6761.5,6762.0,6755.5,6756.0,2357986.0,10.0
2018-06-11 04:19:00.000000,6756.0,6759.0,6756.0,6759.0,537770.0,500.0
2018-06-11 04:20:00.000000,6759.0,6759.0,6758.5,6758.5,151630.0,50.0
2018-06-11 04:21:00.000000,6758.5,6759.0,6758.5,6758.5,395217.0,15000.0
2018-06-11 04:22:00.000000,6758.5,6760.5,6758.5,6760.5,274750.0,500.0
2018-06-11 04:23:00.000000,6760.5,6765.0,6760.5,6765.0,674902.0,3132.0
2018-06-11 04:24:00.000000,6765.0,6765.5,6764.0,6765.5,545420.0,2000.0
2018-06-11 04:25:00.000000,6765.5,6765.5,6763.5,6763.5,454270.0,5.0
2018-06-11 04:26:00.000000,6763.5,6775.0,6763.5,6770.5,2139758.0,120.0
2018-06-11 04:27:00.000000,6770.5,6776.0,6770.5,6775.5,2486344.0,1600.0
2018-06-11 04:28:00.000000,6775.5,6776.0,6771.5,6772.0,1079876.0,25.0
2018-06-11 04:29:00.000000,6772.0,6779.5,6772.0,6779.0,3734377.0,3909.0
2018-06-11 04:30:00.000000,6779.0,6779.5,6776.5,6779.5,1223152.0,290.0
2018-06-11 04:31:00.000000,6779.5,6780.0,6768.5,6769.0,2876255.0,2535.0
2018-06-11 04:32:00.000000,6769.0,6769.0,6768.5,6768.5,552796.0,4000.0
2018-06-11 04:33:00.000000,6768.5,6771.0,6768.5,6771.0,517046.0,339.0
2018-06-11 04:34:00.000000,6771.0,6774.0,6770.5,6774.0,432205.0,100.0
2018-06-11 04:35:00.000000,6774.0,6774.0,6773.5,6774.0,108053.0,300.0
2018-06-11 04:36:00.000000,6774.0,6774.0,6773.5,6773.5,168291.0,10000.0
2018-06-11 04:37:00.000000,6773.5,6774.0,6773.5,6774.0,623881.0,28.0
2018-06-11 04:38:00.000000,6774.0,6777.0,6774.0,6776.5,976665.0,2000.0
2018-06-11 04:39:00.000000,6776.5,6780.0,6776.5,6780.0,2943484.0,2140.0
2018-06-11 04:40:00.000000,6780.0,6780.0,6776.0,6776.0,687208.0,5000.0
2018-06-11 04:41:00.000000,6776.0,6776.5,6776.0,6776.0,333268.0,500.0
2018-06-11 04:42:00.000000,6776.0,6778.0,6776.0,6778.0,695183.0,2000.0
2018-06-11 04:43:00.000000,6778.0,6783.0,6778.0,6783.0,2030439.0,100.0
2018-06-11 04:44:00.000000,6783.0,6785.0,6782.5,6784.5,1414669.0,30000.0
2018-06-11 04:45:00.000000,6784.5,6785.0,6783.5,6783.5,1720276.0,5895.0
2018-06-11 04:46:00.000000,6783.5,6784.0,6780.5,6781.0,1064802.0,543.0
2018-06-11 04:47:00.000000,6781.0,6781.0,6780.5,6780.5,645643.0,2000.0
2018-06-11 04:48:00.000000,6780.5,6794.5,6780.5,6793.0,3994332.0,100000.0
2018-06-11 04:49:00.000000,6793.0,6798.5,6789.0,6789.5,4842208.0,21.0
2018-06-11 04:50:00.000000,6789.5,6794.0,6785.0,6785.0,3395933.0,400.0
2018-06-11 04:51:00.000000,6785.0,6785.0,6783.5,6783.5,1103976.0,12300.0
2018-06-11 04:52:00.000000,6783.5,6784.0,6783.0,6783.0,874748.0,10000.0
2018-06-11 04:53:00.000000,6783.0,6783.5,6781.0,6781.0,1024229.0,4172.0
2018-06-11 04:54:00.000000,6781.0,6781.0,6776.0,6776.5,2126908.0,2.0
2018-06-11 04:55:00.000000,6776.5,6776.5,6776.0,6776.5,702543.0,6000.0
2018-06-11 04:56:00.000000,6776.5,6776.5,6776.0,6776.5,689448.0,40.0
2018-06-11 04:57:00.000000,6776.5,6776.5,6776.0,6776.5,466539.0,400.0
2018-06-11 04:58:00.000000,6776.5,6776.5,6776.0,6776.0,128198.0,2000.0
2018-06-11 04:59:00.000000,6776.0,6776.5,6776.0,6776.5,108156.0,40.0
2018-06-11 05:00:00.000000,6776.5,6781.5,6776.0,6781.5,1312079.0,2624.0
2018-06-11 05:01:00.000000,6781.5,6783.5,6781.0,6783.0,1053724.0,10000.0
2018-06-11 05:02:00.000000,6783.0,6783.5,6783.0,6783.5,217620.0,1.0
2018-06-11 05:03:00.000000,6783.5,6784.0,6783.0,6783.5,410575.0,2000.0
2018-06-11 05:04:00.000000,6783.5,6784.0,6783.5,6783.5,163331.0,2000.0
2018-06-11 05:05:00.000000,6783.5,6784.0,6783.5,6783.5,777935.0,32707.0
2018-06-11 05:06:00.000000,6783.5,6784.0,6783.5,6784.0,215069.0,1.0
2018-06-11 05:07:00.000000,6784.0,6784.0,6776.0,6776.5,2297288.0,500.0
2018-06-11 05:08:00.000000,6776.5,6776.5,6775.5,6776.5,944132.0,5.0
2018-06-11 05:09:00.000000,6776.5,6776.5,6772.5,6772.5,1779577.0,901.0
2018-06-11 05:10:00.000000,6772.5,6773.0,6772.5,6772.5,1182066.0,3387.0
2018-06-11 05:11:00.000000,6772.5,6773.0,6753.0,6759.0,6064568.0,26000.0
2018-06-11 05:12:00.000000,6759.0,6766.0,6758.5,6765.0,1837058.0,300.0
2018-06-11 05:13:00.000000,6765.0,6765.0,6760.5,6765.0,1292676.0,2548.0
2018-06-11 05:14:00.000000,6765.0,6765.0,6764.5,6764.5,514714.0,9588.0
2018-06-11 05:15:00.000000,6764.5,6765.0,6764.5,6764.5,151218.0,8000.0
2018-06-11 05:16:00.000000,6764.5,6765.0,6764.5,6765.0,353547.0,6.0
2018-06-11 05:17:00.000000,6765.0,6765.0,6764.5,6765.0,295986.0,2000.0
2018-06-11 05:18:00.000000,6765.0,6765.0,6761.0,6761.5,1754601.0,1000.0
2018-06-11 05:19:00.000000,6761.5,6761.5,6755.0,6755.5,2365906.0,47.0
2018-06-11 05:20:00.000000,6755.5,6759.5,6755.0,6759.5,2041861.0,2.0
2018-06-11 05:21:00.000000,6759.5,6760.0,6759.0,6759.5,765449.0,6778.0
2018-06-11 05:22:00.000000,6759.5,6760.0,6754.0,6754.5,1559193.0,5000.0
2018-06-11 05:23:00.000000,6754.5,6754.5,6754.0,6754.5,1030178.0,800.0
2018-06-11 05:24:00.000000,6754.5,6754.5,6754.0,6754.5,467147.0,1.0
2018-06-11 05:25:00.000000,6754.5,6755.5,6754.0,6755.5,1466895.0,500.0
2018-06-11 05:26:00.000000,6755.5,6761.0,6755.5,6761.0,1708138.0,66693.0
2018-06-11 05:27:00.000000,6761.0,6765.5,6760.5,6765.5,1007599.0,50.0
2018-06-11 05:28:00.000000,6765.5,6765.5,6765.0,6765.5,1583249.0,2000.0
2018-06-11 05:29:00.000000,6765.5,6765.5,6763.0,6763.5,678660.0,8.0
2018-06-11 05:30:00.000000,6763.5,6763.0,6753.5,6756.0,1547310.0,50.0
2018-06-11 05:31:00.000000,6756.0,6761.5,6755.5,6761.5,776827.0,3000.0
2018-06-11 05:32:00.000000,6761.5,6761.5,6761.0,6761.0,390748.0,36363.0
2018-06-11 05:33:00.000000,6761.0,6762.5,6761.0,6762.5,2130816.0,37597.0
2018-06-11 05:34:00.000000,6762.5,6762.5,6758.5,6759.5,973256.0,5.0
2018-06-11 05:35:00.000000,6759.5,6759.0,6758.5,6758.5,95780.0,500.0
2018-06-11 05:36:00.000000,6758.5,6759.0,6752.5,6753.0,2384025.0,6180.0
2018-06-11 05:37:00.000000,6753.0,6755.5,6752.5,6755.0,497290.0,68000.0
