timestamp, spread, target_value, m1_ask, m1_ask_size, m1_bid, m1_bid_size, m2_ask, m2_ask_size, m2_bid, m2_bid_size
datetime, float, int, float, float, float, float, float, float, float, float
T, , , , , , , , , ,
2018-04-01 07:00:00.000000, 2.32, 5, 6848.50, 149682.00, 6848.00, 338598.00, 6690.00, 70.00, 6689.50, 49466.00
2018-04-01 07:05:00.000000, 2.30, 5, 6840.50, 541300.00, 6840.00, 158007.00, 6684.00, 1631.00, 6683.50, 70.00
2018-04-01 07:10:00.000000, 2.28, 5, 6838.50, 586886.00, 6838.00, 5569.00, 6683.00, 25911.00, 6682.50, 558.00
2018-04-01 07:15:00.000000, 2.91, 5, 6780.50, 10000.00, 6777.50, 11311.00, 6584.00, 773007.00, 6583.50, 5237.00
2018-04-01 07:20:00.000000, 2.61, 5, 6770.00, 343907.00, 6769.50, 96287.00, 6594.00, 8000.00, 6593.50, 20000.00
2018-04-01 07:25:00.000000, 2.65, 5, 6749.00, 1500.00, 6747.50, 30000.00, 6570.50, 7487.00, 6570.00, 6343.00
2018-04-01 07:30:00.000000, 2.46, 5, 6760.00, 32286.00, 6759.00, 98428.00, 6594.50, 5040.00, 6594.00, 1000.00
2018-04-01 07:35:00.000000, 2.51, 5, 6718.50, 4910.00, 6717.00, 120278.00, 6550.50, 55901.00, 6550.00, 70.00
2018-04-01 07:40:00.000000, 2.50, 5, 6690.00, 725947.00, 6689.50, 252126.00, 6523.50, 23000.00, 6523.00, 8000.00
2018-04-01 07:45:00.000000, 2.61, 5, 6712.50, 11639.00, 6711.50, 252944.00, 6538.00, 22130.00, 6537.50, 1541.00
2018-04-01 07:50:00.000000, 2.47, 5, 6707.50, 36431.00, 6707.00, 11206.00, 6542.50, 17169.00, 6541.50, 3956.00
2018-04-01 07:55:00.000000, 2.40, 5, 6682.50, 219875.00, 6682.00, 10045.00, 6522.50, 63957.00, 6522.00, 8024.00
2018-04-01 08:00:00.000000, 2.42, 5, 6703.50, 396703.00, 6703.00, 46931.00, 6541.50, 38500.00, 6541.00, 16937.00
2018-04-01 08:05:00.000000, 2.41, 5, 6720.50, 398796.00, 6720.00, 8347.00, 6559.00, 19644.00, 6558.50, 1879.00
2018-04-01 08:10:00.000000, 2.39, 5, 6719.50, 157813.00, 6719.00, 139934.00, 6559.50, 327.00, 6559.00, 74760.00
2018-04-01 08:15:00.000000, 2.32, 5, 6693.50, 411070.00, 6693.00, 20057.00, 6538.50, 57926.00, 6538.00, 20000.00
2018-04-01 08:20:00.000000, 2.34, 5, 6700.00, 1088138.00, 6699.50, 1154194.00, 6544.00, 20956.00, 6543.50, 60499.00
2018-04-01 08:25:00.000000, 2.25, 5, 6702.00, 1555.00, 6701.50, 132483.00, 6551.50, 325.00, 6551.00, 47534.00
2018-04-01 08:30:00.000000, 2.17, 5, 6698.50, 130019.00, 6698.00, 17656.00, 6553.50, 78122.00, 6553.00, 15589.00
2018-04-01 08:35:00.000000, 2.21, 5, 6687.50, 13754.00, 6687.00, 150536.00, 6540.00, 18659.00, 6539.50, 27700.00
2018-04-01 08:40:00.000000, 2.25, 5, 6700.50, 41216.00, 6700.00, 526705.00, 6550.00, 21020.00, 6549.50, 29153.00
2018-04-01 08:45:00.000000, 2.35, 5, 6697.00, 358267.00, 6696.50, 20157.00, 6540.00, 7186.00, 6539.50, 25325.00
2018-04-01 08:50:00.000000, 2.57, 5, 6725.50, 452479.00, 6725.00, 43725.00, 6553.00, 22507.00, 6552.50, 20224.00
2018-04-01 08:55:00.000000, 2.42, 5, 6701.50, 29657.00, 6701.00, 138595.00, 6540.00, 19656.00, 6539.50, 2325.00
2018-04-01 09:00:00.000000, 2.49, 5, 6706.00, 93803.00, 6705.50, 265129.00, 6539.50, 2881.00, 6539.00, 28212.00
2018-04-01 09:05:00.000000, 2.42, 5, 6643.50, 328397.00, 6643.00, 78131.00, 6483.00, 20078.00, 6482.50, 22506.00
2018-04-01 09:10:00.000000, 2.46, 5, 6613.00, 39557.00, 6612.50, 143900.00, 6451.00, 2519.00, 6450.50, 8350.00
2018-04-01 09:15:00.000000, 2.47, 5, 6650.50, 85078.00, 6650.00, 3650.00, 6487.00, 11697.00, 6486.50, 20000.00
2018-04-01 09:20:00.000000, 2.37, 5, 6655.50, 60916.00, 6655.00, 250762.00, 6499.00, 111.00, 6498.00, 2000.00
2018-04-01 09:25:00.000000, 2.33, 5, 6681.50, 11000.00, 6680.50, 2453.00, 6533.00, 4101.00, 6526.00, 8060.00
2018-04-01 09:30:00.000000, 2.27, 5, 6685.00, 147561.00, 6684.50, 159716.00, 6538.00, 39260.00, 6533.00, 21003.00
2018-04-01 09:35:00.000000, 2.24, 5, 6676.50, 13249.00, 6676.00, 61978.00, 6528.00, 25.00, 6527.00, 24360.00
2018-04-01 09:40:00.000000, 2.11, 5, 6672.50, 136330.00, 6672.00, 502077.00, 6532.50, 21870.00, 6532.00, 8002.00
2018-04-01 09:45:00.000000, 2.22, 5, 6705.00, 143805.00, 6704.50, 278557.00, 6556.50, 3435.00, 6556.00, 10000.00
2018-04-01 09:50:00.000000, 2.23, 5, 6694.50, 456195.00, 6694.00, 226251.00, 6545.50, 50759.00, 6545.00, 5100.00
2018-04-01 09:55:00.000000, 2.25, 5, 6721.50, 246879.00, 6721.00, 190510.00, 6571.50, 33700.00, 6570.00, 56346.00
2018-04-01 10:00:00.000000, 2.47, 5, 6735.00, 268905.00, 6734.50, 587559.00, 6571.00, 18699.00, 6568.50, 23987.00
2018-04-01 10:05:00.000000, 2.51, 5, 6720.50, 519058.00, 6720.00, 120618.00, 6552.50, 8685.00, 6552.00, 29170.00
2018-04-01 10:10:00.000000, 2.46, 5, 6715.50, 53362.00, 6715.00, 17971.00, 6550.50, 33342.00, 6550.00, 24751.00
2018-04-01 10:15:00.000000, 2.42, 5, 6707.50, 78703.00, 6707.00, 360525.00, 6545.50, 500.00, 6545.00, 37884.00
2018-04-01 10:20:00.000000, 2.48, 5, 6700.00, 40756.00, 6699.50, 546974.00, 6534.50, 1000.00, 6534.00, 16678.00
2018-04-01 10:25:00.000000, 2.49, 5, 6679.00, 54481.00, 6678.50, 113020.00, 6514.00, 4570.00, 6512.50, 2881.00
2018-04-01 10:30:00.000000, 2.50, 5, 6671.50, 604829.00, 6671.00, 13297.00, 6505.50, 500.00, 6505.00, 3947.00
2018-04-01 10:35:00.000000, 2.41, 5, 6685.00, 472783.00, 6684.50, 71450.00, 6527.00, 2000.00, 6524.00, 2900.00
2018-04-01 10:40:00.000000, 2.50, 5, 6689.00, 561031.00, 6688.50, 89413.00, 6524.00, 4000.00, 6522.00, 28681.00
2018-04-01 10:45:00.000000, 2.49, 5, 6697.00, 68427.00, 6696.50, 611986.00, 6530.50, 23326.00, 6530.00, 19092.00
2018-04-01 10:50:00.000000, 2.55, 5, 6689.50, 160707.00, 6689.00, 636212.00, 6519.50, 8287.00, 6519.00, 21109.00
2018-04-01 10:55:00.000000, 2.54, 5, 6705.50, 6142.00, 6705.00, 6050.00, 6536.50, 3240.00, 6535.00, 100.00
2018-04-01 11:00:00.000000, 2.51, 5, 6703.50, 70092.00, 6703.00, 531296.00, 6536.50, 500.00, 6535.00, 27000.00
2018-04-01 11:05:00.000000, 2.53, 5, 6687.00, 38195.00, 6686.50, 325509.00, 6520.00, 10185.00, 6518.00, 3162.00
2018-04-01 11:10:00.000000, 2.66, 5, 6672.00, 50798.00, 6671.50, 92371.00, 6495.00, 6880.00, 6494.50, 28046.00
2018-04-01 11:15:00.000000, 2.66, 5, 6700.00, 26661.00, 6699.50, 772666.00, 6523.50, 500.00, 6522.00, 2180.00
2018-04-01 11:20:00.000000, 2.58, 5, 6682.00, 8537.00, 6681.50, 283385.00, 6510.00, 161.00, 6509.50, 23742.00
2018-04-01 11:25:00.000000, 2.66, 5, 6679.00, 565172.00, 6678.50, 82633.00, 6502.00, 38037.00, 6501.50, 15847.00
2018-04-01 11:30:00.000000, 2.71, 5, 6651.50, 57300.00, 6651.00, 141694.00, 6473.00, 10047.00, 6471.00, 100.00
2018-04-01 11:35:00.000000, 2.81, 5, 6673.50, 6000.00, 6669.50, 29679.00, 6487.50, 500.00, 6486.00, 52765.00
2018-04-01 11:40:00.000000, 2.66, 5, 6682.00, 466804.00, 6681.50, 234447.00, 6505.00, 8998.00, 6504.50, 21744.00
2018-04-01 11:45:00.000000, 2.59, 5, 6706.50, 370232.00, 6706.00, 110106.00, 6534.50, 542.00, 6532.50, 9100.00
2018-04-01 11:50:00.000000, 2.56, 5, 6691.00, 403009.00, 6690.50, 116603.00, 6522.00, 522.00, 6520.00, 2865.00
2018-04-01 11:55:00.000000, 2.54, 5, 6710.00, 257877.00, 6709.50, 293990.00, 6540.00, 106282.00, 6539.50, 5257.00
2018-04-01 12:00:00.000000, 2.53, 5, 6695.00, 512910.00, 6694.50, 285335.00, 6526.00, 10237.00, 6525.50, 6252.00
2018-04-01 12:05:00.000000, 2.48, 5, 6690.00, 166846.00, 6689.50, 407167.00, 6524.50, 13000.00, 6524.00, 43469.00
2018-04-01 12:10:00.000000, 2.56, 5, 6716.50, 340090.00, 6716.00, 345548.00, 6545.00, 5200.00, 6544.50, 38886.00
2018-04-01 12:15:00.000000, 2.54, 5, 6730.00, 86397.00, 6729.50, 818365.00, 6565.50, 18734.00, 6559.00, 1550.00
2018-04-01 12:20:00.000000, 2.46, 5, 6718.00, 289618.00, 6717.50, 474334.00, 6553.50, 4239.00, 6552.50, 10831.00
2018-04-01 12:25:00.000000, 2.43, 5, 6721.00, 608816.00, 6720.50, 32329.00, 6558.50, 1739.00, 6558.00, 3995.00
2018-04-01 12:30:00.000000, 2.41, 5, 6700.50, 291651.00, 6700.00, 210788.00, 6542.00, 5207.00, 6539.00, 4000.00
2018-04-01 12:35:00.000000, 2.34, 5, 6686.50, 180617.00, 6686.00, 266259.00, 6530.50, 53369.00, 6530.00, 31219.00
2018-04-01 12:40:00.000000, 2.43, 5, 6696.00, 572099.00, 6695.50, 131400.00, 6533.50, 500.00, 6533.00, 4347.00
2018-04-01 12:45:00.000000, 2.39, 5, 6693.00, 50050.00, 6692.50, 533923.00, 6535.00, 12100.00, 6533.00, 15007.00
2018-04-01 12:50:00.000000, 2.52, 5, 6699.00, 57300.00, 6698.50, 460961.00, 6531.00, 3265.00, 6530.50, 7267.00
2018-04-01 12:55:00.000000, 2.62, 5, 6711.00, 396470.00, 6710.50, 100644.00, 6537.00, 40489.00, 6535.00, 16407.00
2018-04-01 13:00:00.000000, 2.59, 5, 6688.50, 465498.00, 6688.00, 322851.00, 6516.00, 44048.00, 6515.50, 14516.00
2018-04-01 13:05:00.000000, 2.70, 5, 6688.00, 382350.00, 6687.50, 100958.00, 6508.00, 45342.00, 6507.50, 87848.00
2018-04-01 13:10:00.000000, 2.59, 5, 6691.00, 251645.00, 6690.50, 217309.00, 6518.00, 2100.00, 6517.50, 9124.00
2018-04-01 13:15:00.000000, 2.64, 5, 6666.00, 623966.00, 6665.50, 54137.00, 6494.50, 2500.00, 6490.00, 678.00
2018-04-01 13:20:00.000000, 2.62, 5, 6666.50, 688174.00, 6666.00, 286185.00, 6492.50, 38231.00, 6492.00, 3000.00
2018-04-01 13:25:00.000000, 3.07, 5, 6580.00, 95440.00, 6579.50, 9757.00, 6378.50, 10000.00, 6378.00, 8557.00
2018-04-01 13:30:00.000000, 2.75, 5, 6512.00, 30000.00, 6511.50, 28830.00, 6338.50, 7500.00, 6333.00, 45612.00
2018-04-01 13:35:00.000000, 2.93, 5, 6555.00, 144220.00, 6554.50, 511507.00, 6365.00, 100.00, 6363.00, 31.00
2018-04-01 13:40:00.000000, 2.90, 5, 6559.00, 642347.00, 6558.50, 234820.00, 6369.50, 26571.00, 6369.00, 52272.00
2018-04-01 13:45:00.000000, 2.84, 5, 6557.00, 27294.00, 6556.50, 158392.00, 6372.00, 70173.00, 6371.00, 6187.00
2018-04-01 13:50:00.000000, 3.00, 5, 6588.00, 346249.00, 6587.50, 121857.00, 6393.00, 1650.00, 6390.50, 10161.00
2018-04-01 13:55:00.000000, 3.03, 5, 6573.00, 77551.00, 6572.00, 1000.00, 6376.50, 3903.00, 6374.00, 3728.00
2018-04-01 14:00:00.000000, 2.95, 5, 6550.50, 309545.00, 6550.00, 77347.00, 6358.00, 39594.00, 6357.50, 4700.00
2018-04-01 14:05:00.000000, 2.70, 5, 6492.00, 1450.00, 6491.50, 30000.00, 6318.00, 8710.00, 6317.00, 7000.00
2018-04-01 14:10:00.000000, 2.75, 5, 6500.00, 482910.00, 6499.50, 19062.00, 6322.00, 18183.00, 6321.50, 1412.00
2018-04-01 14:15:00.000000, 2.75, 5, 6513.50, 3980.00, 6512.50, 12561.00, 6335.50, 524.00, 6334.50, 2000.00
2018-04-01 14:20:00.000000, 2.70, 5, 6486.00, 2000.00, 6484.00, 112560.00, 6311.50, 9183.00, 6311.00, 22496.00
2018-04-01 14:25:00.000000, 2.83, 5, 6495.00, 245058.00, 6494.50, 17064.00, 6311.50, 8000.00, 6311.00, 20510.00
2018-04-01 14:30:00.000000, 2.96, 5, 6479.00, 78636.00, 6478.00, 140882.00, 6291.00, 255.00, 6287.50, 11008.00
2018-04-01 14:35:00.000000, 2.83, 5, 6456.00, 17901.00, 6455.50, 4988.00, 6273.50, 40000.00, 6273.00, 12402.00
2018-04-01 14:40:00.000000, 2.66, 5, 6480.00, 46667.00, 6478.00, 510.00, 6308.00, 3467.00, 6307.50, 10862.00
2018-04-01 14:45:00.000000, 2.66, 5, 6519.00, 3445.00, 6518.50, 1251.00, 6350.00, 4908.00, 6345.50, 4625.00
2018-04-01 14:50:00.000000, 2.72, 5, 6485.50, 296858.00, 6485.00, 393571.00, 6310.00, 14880.00, 6309.00, 8000.00
2018-04-01 14:55:00.000000, 2.75, 5, 6503.50, 152187.00, 6503.00, 207492.00, 6325.00, 10500.00, 6324.50, 53480.00
2018-04-01 15:00:00.000000, 2.73, 5, 6508.50, 425562.00, 6508.00, 17583.00, 6331.50, 19296.00, 6331.00, 748.00
2018-04-01 15:05:00.000000, 2.67, 5, 6500.00, 21566.00, 6499.50, 58864.00, 6327.00, 500.00, 6326.50, 8000.00
2018-04-01 15:10:00.000000, 2.81, 5, 6522.50, 375573.00, 6522.00, 37744.00, 6339.50, 31307.00, 6339.00, 2469.00
2018-04-01 15:15:00.000000, 2.84, 5, 6507.00, 358909.00, 6506.50, 9534.00, 6322.50, 10000.00, 6322.00, 10000.00
2018-04-01 15:20:00.000000, 2.86, 5, 6510.50, 349644.00, 6510.00, 587979.00, 6325.00, 1000.00, 6324.50, 30676.00
2018-04-01 15:25:00.000000, 2.88, 5, 6495.00, 68450.00, 6493.50, 106794.00, 6308.50, 20693.00, 6308.00, 40094.00
2018-04-01 15:30:00.000000, 2.88, 5, 6484.50, 273170.00, 6484.00, 60261.00, 6301.50, 466.00, 6298.00, 7061.00
2018-04-01 15:35:00.000000, 2.80, 5, 6494.00, 504276.00, 6493.50, 39809.00, 6312.50, 10000.00, 6312.00, 3587.00
2018-04-01 15:40:00.000000, 2.70, 5, 6491.50, 40.00, 6491.00, 103679.00, 6316.50, 5000.00, 6316.00, 8000.00
2018-04-01 15:45:00.000000, 2.96, 5, 6455.50, 144776.00, 6455.00, 93937.00, 6282.50, 2125.00, 6264.50, 19499.00
2018-04-01 15:50:00.000000, 2.79, 5, 6488.00, 32162.00, 6487.50, 138798.00, 6308.00, 700.00, 6307.00, 1430.00
2018-04-01 15:55:00.000000, 2.79, 5, 6498.00, 67604.00, 6497.50, 217832.00, 6317.50, 6992.00, 6317.00, 5797.00
2018-04-01 16:00:00.000000, 2.60, 5, 6427.00, 13358.00, 6422.50, 236.00, 6262.00, 200.00, 6260.00, 11100.00
2018-04-01 16:05:00.000000, 2.62, 5, 6483.50, 15168.00, 6483.00, 23575.00, 6316.00, 534.00, 6313.50, 4660.00
2018-04-01 16:10:00.000000, 5.58, 5, 6690.00, 976.00, 6685.50, 76572.00, 6507.50, 1070.00, 6316.50, 3881.00
2018-04-01 16:15:00.000000, 1.97, 4, 6757.50, 17080.00, 6756.00, 2272.00, 6636.50, 2762.00, 6624.50, 9978.00
2018-04-01 16:20:00.000000, 1.77, 4, 6709.50, 35272.00, 6709.00, 117061.00, 6595.00, 100.00, 6591.00, 100.00
2018-04-01 16:25:00.000000, 1.66, 4, 6700.50, 23500.00, 6698.50, 10341.00, 6591.50, 1000.00, 6589.50, 20000.00
2018-04-01 16:30:00.000000, 1.65, 4, 6759.00, 105435.00, 6758.50, 6000.00, 6648.00, 5238.00, 6647.50, 4000.00
2018-04-01 16:35:00.000000, 1.94, 4, 6840.00, 60100.00, 6832.50, 390674.00, 6720.00, 5141.00, 6707.00, 6500.00
2018-04-01 16:40:00.000000, 1.89, 4, 6836.50, 22589.00, 6836.00, 1748117.00, 6710.00, 35.00, 6707.00, 1784.00
2018-04-01 16:45:00.000000, 1.61, 4, 6804.50, 402394.00, 6804.00, 148917.00, 6695.50, 51325.00, 6695.00, 11659.00
2018-04-01 16:50:00.000000, 1.66, 4, 6820.00, 124357.00, 6814.50, 150.00, 6707.50, 1817.00, 6706.50, 67.00
2018-04-01 16:55:00.000000, 1.57, 4, 6833.00, 72649.00, 6832.50, 169391.00, 6726.00, 15726.00, 6725.50, 42083.00
2018-04-01 17:00:00.000000, 1.45, 4, 6807.50, 126100.00, 6807.00, 46671.00, 6711.50, 2470.00, 6709.00, 175.00
2018-04-01 17:05:00.000000, 1.51, 4, 6800.00, 416878.00, 6799.50, 167646.00, 6697.50, 23052.00, 6697.00, 12073.00
2018-04-01 17:10:00.000000, 1.49, 4, 6820.50, 513474.00, 6820.00, 44854.00, 6720.50, 16133.00, 6719.00, 14500.00
2018-04-01 17:15:00.000000, 1.41, 4, 6831.00, 213470.00, 6830.50, 338504.00, 6735.50, 9113.00, 6735.00, 625.00
2018-04-01 17:20:00.000000, 1.51, 4, 6839.50, 138417.00, 6839.00, 50349.00, 6739.00, 4691.00, 6736.00, 20000.00
2018-04-01 17:25:00.000000, 1.50, 4, 6817.50, 13445.00, 6816.50, 24221.00, 6718.00, 5000.00, 6715.00, 7072.00
2018-04-01 17:30:00.000000, 1.49, 4, 6808.00, 142857.00, 6807.50, 206653.00, 6709.50, 4055.00, 6706.50, 500.00
2018-04-01 17:35:00.000000, 1.40, 4, 6795.00, 400606.00, 6794.00, 1932.00, 6700.50, 35970.00, 6700.00, 22252.00
2018-04-01 17:40:00.000000, 1.44, 4, 6826.50, 456640.00, 6826.00, 468224.00, 6728.50, 56971.00, 6728.00, 16469.00
2018-04-01 17:45:00.000000, 1.50, 4, 6820.00, 32656.00, 6819.50, 107695.00, 6719.00, 452.00, 6717.50, 1174.00
2018-04-01 17:50:00.000000, 1.53, 4, 6859.00, 4480.00, 6857.50, 260369.00, 6758.00, 1237.00, 6754.00, 704.00
2018-04-01 17:55:00.000000, 1.40, 4, 6841.50, 538135.00, 6841.00, 86227.00, 6746.00, 29421.00, 6745.50, 609.00
2018-04-01 18:00:00.000000, 1.31, 4, 6835.50, 281555.00, 6835.00, 211191.00, 6746.50, 25000.00, 6746.00, 8671.00
2018-04-01 18:05:00.000000, 1.28, 4, 6857.50, 340799.00, 6857.00, 166511.00, 6771.00, 884.00, 6770.00, 100.00
2018-04-01 18:10:00.000000, 1.29, 4, 6823.00, 642208.00, 6822.50, 64478.00, 6735.50, 9687.00, 6735.00, 2940.00
2018-04-01 18:15:00.000000, 1.44, 4, 6842.50, 113579.00, 6842.00, 164619.00, 6745.50, 18240.00, 6744.00, 2000.00
2018-04-01 18:20:00.000000, 1.39, 4, 6840.00, 355995.00, 6839.50, 55492.00, 6745.50, 30000.00, 6745.00, 33099.00
2018-04-01 18:25:00.000000, 1.45, 4, 6812.50, 444102.00, 6812.00, 258604.00, 6717.50, 92.00, 6714.00, 9092.00
2018-04-01 18:30:00.000000, 1.34, 4, 6783.50, 478371.00, 6783.00, 6716.00, 6693.00, 2000.00, 6692.50, 500.00
2018-04-01 18:35:00.000000, 1.36, 4, 6768.00, 387539.00, 6767.50, 59635.00, 6676.50, 15131.00, 6676.00, 1000.00
2018-04-01 18:40:00.000000, 1.44, 4, 6792.00, 376656.00, 6791.50, 140866.00, 6694.50, 581.00, 6694.00, 33910.00
2018-04-01 18:45:00.000000, 1.33, 4, 6783.00, 261289.00, 6782.50, 409285.00, 6693.00, 58000.00, 6692.50, 555.00
2018-04-01 18:50:00.000000, 1.39, 4, 6774.00, 864704.00, 6773.50, 83695.00, 6680.50, 42753.00, 6680.00, 31437.00
2018-04-01 18:55:00.000000, 1.59, 4, 6810.50, 55313.00, 6810.00, 108943.00, 6703.50, 63.00, 6702.50, 3631.00
2018-04-01 19:00:00.000000, 1.48, 4, 6840.00, 209875.00, 6839.50, 208185.00, 6740.00, 100.00, 6738.50, 1928.00
2018-04-01 19:05:00.000000, 1.56, 4, 6834.50, 537067.00, 6834.00, 63156.00, 6728.50, 48000.00, 6728.00, 21713.00
2018-04-01 19:10:00.000000, 1.73, 4, 6868.50, 12616.00, 6862.00, 50298.00, 6750.50, 5154.00, 6750.00, 7709.00
2018-04-01 19:15:00.000000, 1.44, 4, 6943.00, 17672.00, 6936.00, 14663.00, 6848.50, 20000.00, 6843.00, 22017.00
2018-04-01 19:20:00.000000, 1.38, 4, 6934.00, 76241.00, 6933.50, 11727.00, 6838.50, 10536.00, 6838.00, 210.00
2018-04-01 19:25:00.000000, 1.45, 4, 6943.50, 3000.00, 6943.00, 248488.00, 6844.00, 10000.00, 6843.00, 1191.00
2018-04-01 19:30:00.000000, 1.41, 4, 6939.50, 224848.00, 6939.00, 43365.00, 6842.00, 20.00, 6841.50, 589.00
2018-04-01 19:35:00.000000, 1.37, 4, 6955.00, 7100.00, 6954.50, 226842.00, 6863.00, 6428.00, 6860.00, 409.00
2018-04-01 19:40:00.000000, 1.44, 4, 6963.50, 16009.00, 6963.00, 20.00, 6863.50, 44293.00, 6863.00, 20.00
2018-04-01 19:45:00.000000, 1.39, 4, 6949.50, 313382.00, 6949.00, 212481.00, 6854.00, 4129.00, 6853.00, 2500.00
2018-04-01 19:50:00.000000, 1.38, 4, 6948.00, 182567.00, 6947.50, 119385.00, 6852.50, 92082.00, 6852.00, 129422.00
2018-04-01 19:55:00.000000, 1.33, 4, 6935.50, 22679.00, 6935.00, 491933.00, 6845.00, 2000.00, 6843.00, 2722.00
2018-04-01 20:00:00.000000, 1.43, 4, 6920.50, 380129.00, 6920.00, 1079901.00, 6822.00, 3000.00, 6821.50, 29818.00
2018-04-01 20:05:00.000000, 1.31, 4, 6907.50, 261912.00, 6907.00, 542030.00, 6817.50, 37800.00, 6817.00, 5000.00
2018-04-01 20:10:00.000000, 1.25, 4, 6882.00, 1386199.00, 6881.50, 10554.00, 6797.00, 9000.00, 6796.00, 1616.00
2018-04-01 20:15:00.000000, 1.22, 4, 6909.50, 318541.00, 6909.00, 101030.00, 6825.50, 19620.00, 6825.00, 100.00
2018-04-01 20:20:00.000000, 1.39, 4, 6906.50, 161702.00, 6906.00, 41125.00, 6815.00, 100.00, 6810.50, 876.00
2018-04-01 20:25:00.000000, 1.32, 4, 6905.50, 345192.00, 6905.00, 19333.00, 6818.00, 3513.00, 6814.50, 589.00
2018-04-01 20:30:00.000000, 1.42, 4, 6952.50, 177576.00, 6952.00, 386635.00, 6854.50, 51272.00, 6854.00, 4249.00
2018-04-01 20:35:00.000000, 1.48, 4, 6935.00, 451752.00, 6934.50, 2301.00, 6833.50, 4818.00, 6832.50, 200.00
2018-04-01 20:40:00.000000, 1.29, 4, 6930.50, 525948.00, 6930.00, 237418.00, 6841.50, 10000.00, 6841.00, 589.00
2018-04-01 20:45:00.000000, 1.34, 4, 6917.00, 423394.00, 6916.50, 301908.00, 6826.50, 212.00, 6824.00, 8830.00
2018-04-01 20:50:00.000000, 1.34, 4, 6915.50, 451656.00, 6915.00, 22697.00, 6823.50, 51984.00, 6823.00, 4889.00
2018-04-01 20:55:00.000000, 1.32, 4, 6913.50, 720020.00, 6913.00, 114168.00, 6822.50, 19401.00, 6822.00, 603.00
2018-04-01 21:00:00.000000, 1.35, 4, 6898.00, 896256.00, 6897.50, 5010.00, 6805.50, 11479.00, 6805.00, 100.00
2018-04-01 21:05:00.000000, 1.31, 4, 6886.50, 423092.00, 6886.00, 32869.00, 6799.00, 956.00, 6796.50, 7111.00
2018-04-01 21:10:00.000000, 1.23, 4, 6885.50, 191257.00, 6885.00, 162664.00, 6801.50, 50271.00, 6801.00, 7970.00
2018-04-01 21:15:00.000000, 1.30, 4, 6903.50, 218732.00, 6903.00, 349243.00, 6814.50, 10.00, 6813.50, 4700.00
2018-04-01 21:20:00.000000, 1.25, 4, 6894.50, 94460.00, 6894.00, 680601.00, 6809.00, 8600.00, 6808.50, 3061.00
2018-04-01 21:25:00.000000, 1.32, 4, 6908.00, 61100.00, 6907.50, 373156.00, 6818.50, 2958.00, 6817.00, 4684.00
2018-04-01 21:30:00.000000, 1.26, 4, 6892.00, 251396.00, 6891.50, 128473.00, 6808.00, 2000.00, 6805.00, 4928.00
2018-04-01 21:35:00.000000, 1.25, 4, 6851.00, 847538.00, 6850.50, 403258.00, 6766.00, 34636.00, 6765.50, 571.00
2018-04-01 21:40:00.000000, 1.35, 4, 6829.00, 7300.00, 6828.00, 58193.00, 6740.00, 1356.00, 6736.50, 313.00
2018-04-01 21:45:00.000000, 1.46, 4, 6841.00, 127656.00, 6840.50, 408272.00, 6742.00, 7499.00, 6741.00, 810.00
2018-04-01 21:50:00.000000, 1.49, 4, 6828.00, 600669.00, 6827.50, 24652.00, 6727.00, 52441.00, 6726.50, 17525.00
2018-04-01 21:55:00.000000, 1.45, 4, 6837.00, 365390.00, 6836.50, 13924.00, 6738.50, 26095.00, 6738.00, 5.00
2018-04-01 22:00:00.000000, 1.39, 4, 6831.00, 313052.00, 6830.50, 169907.00, 6737.00, 14000.00, 6736.00, 566.00
2018-04-01 22:05:00.000000, 1.53, 4, 6850.00, 23963.00, 6849.50, 602.00, 6747.50, 28597.00, 6745.50, 25.00
2018-04-01 22:10:00.000000, 1.48, 4, 6839.50, 534312.00, 6839.00, 297905.00, 6739.00, 15886.00, 6738.50, 10000.00
2018-04-01 22:15:00.000000, 1.39, 4, 6828.50, 34100.00, 6826.50, 504.00, 6734.00, 10000.00, 6733.50, 14500.00
2018-04-01 22:20:00.000000, 1.44, 4, 6818.00, 319045.00, 6817.50, 175766.00, 6721.00, 2590.00, 6719.50, 500.00
2018-04-01 22:25:00.000000, 1.33, 4, 6813.50, 316514.00, 6813.00, 79251.00, 6723.50, 2475.00, 6723.00, 84064.00
2018-04-01 22:30:00.000000, 1.39, 4, 6813.00, 203915.00, 6812.50, 95873.00, 6719.00, 27195.00, 6718.50, 50.00
2018-04-01 22:35:00.000000, 1.39, 4, 6775.50, 119162.00, 6775.00, 449313.00, 6682.00, 15156.00, 6681.50, 850.00
2018-04-01 22:40:00.000000, 1.36, 4, 6763.00, 93195.00, 6762.50, 203129.00, 6671.50, 10000.00, 6671.00, 29431.00
2018-04-01 22:45:00.000000, 1.36, 4, 6785.00, 125291.00, 6784.50, 518928.00, 6694.50, 1308.00, 6693.00, 2556.00
2018-04-01 22:50:00.000000, 1.26, 4, 6812.50, 252124.00, 6812.00, 208837.00, 6727.00, 8525.00, 6726.50, 36585.00
2018-04-01 22:55:00.000000, 1.26, 4, 6810.50, 16997.00, 6810.00, 512407.00, 6725.00, 4095.00, 6724.50, 49999.00
2018-04-01 23:00:00.000000, 1.20, 4, 6807.50, 587557.00, 6807.00, 215391.00, 6726.00, 56817.00, 6725.50, 8050.00
2018-04-01 23:05:00.000000, 1.25, 4, 6784.00, 666444.00, 6783.50, 10666.00, 6700.00, 22958.00, 6699.00, 2500.00
2018-04-01 23:10:00.000000, 1.18, 4, 6785.00, 651801.00, 6784.50, 89665.00, 6705.50, 28560.00, 6705.00, 8325.00
2018-04-01 23:15:00.000000, 1.23, 4, 6814.50, 329338.00, 6814.00, 82016.00, 6731.00, 49618.00, 6730.50, 50.00
2018-04-01 23:20:00.000000, 1.10, 4, 6810.00, 416512.00, 6809.50, 1915.00, 6735.50, 66150.00, 6735.00, 75135.00
2018-04-01 23:25:00.000000, 1.08, 4, 6815.50, 14165.00, 6815.00, 13947.00, 6742.50, 19950.00, 6742.00, 500.00
2018-04-01 23:30:00.000000, 1.18, 4, 6810.50, 426447.00, 6810.00, 35395.00, 6730.50, 10635.00, 6730.00, 5100.00
2018-04-01 23:35:00.000000, 1.08, 4, 6788.50, 493944.00, 6788.00, 70831.00, 6715.50, 47534.00, 6715.00, 44502.00
2018-04-01 23:40:00.000000, 1.18, 4, 6784.00, 191869.00, 6782.00, 7049.00, 6704.50, 7000.00, 6704.00, 34673.00
2018-04-01 23:45:00.000000, 1.09, 4, 6809.00, 513015.00, 6808.50, 91432.00, 6735.50, 18916.00, 6735.00, 3899.00
2018-04-01 23:50:00.000000, 1.12, 4, 6825.00, 593278.00, 6824.50, 11645.00, 6750.00, 100.00, 6748.50, 20000.00
2018-04-01 23:55:00.000000, 1.08, 4, 6797.50, 931965.00, 6797.00, 244588.00, 6724.50, 39404.00, 6724.00, 44240.00
2018-04-02 00:00:00.000000, 1.17, 4, 6817.00, 214839.00, 6816.50, 511012.00, 6737.50, 6925.00, 6737.00, 8542.00
2018-04-02 00:05:00.000000, 1.16, 4, 6795.00, 432404.00, 6794.50, 180999.00, 6717.00, 27900.00, 6716.50, 200.00
2018-04-02 00:10:00.000000, 1.02, 4, 6784.00, 246.00, 6783.50, 231945.00, 6715.00, 25.00, 6714.50, 36898.00
2018-04-02 00:15:00.000000, 0.95, 3, 6770.50, 191756.00, 6770.00, 59260.00, 6707.00, 10000.00, 6706.50, 114.00
2018-04-02 00:20:00.000000, 1.15, 4, 6772.00, 1050.00, 6771.50, 296584.00, 6694.50, 12000.00, 6694.00, 34762.00
2018-04-02 00:25:00.000000, 1.13, 4, 6790.50, 138608.00, 6790.00, 335521.00, 6714.00, 13900.00, 6713.50, 32345.00
2018-04-02 00:30:00.000000, 1.22, 4, 6791.50, 285725.00, 6791.00, 214858.00, 6709.00, 10000.00, 6708.50, 40000.00
2018-04-02 00:35:00.000000, 1.29, 4, 6784.00, 272839.00, 6783.50, 306749.00, 6697.00, 10000.00, 6696.50, 54618.00
2018-04-02 00:40:00.000000, 1.12, 4, 6876.50, 39500.00, 6874.50, 18510.00, 6803.50, 5500.00, 6799.50, 5961.00
2018-04-02 00:45:00.000000, 0.89, 3, 6979.50, 15000.00, 6975.00, 669560.00, 6920.00, 30021.00, 6917.50, 19090.00
2018-04-02 00:50:00.000000, 1.04, 4, 7010.50, 1260073.00, 7010.00, 141169.00, 6938.00, 31819.00, 6937.50, 8952.00
2018-04-02 00:55:00.000000, 1.05, 4, 7010.00, 62547.00, 7009.50, 131326.00, 6939.50, 13880.00, 6936.50, 19500.00
2018-04-02 01:00:00.000000, 1.00, 4, 6998.00, 95867.00, 6997.50, 1400.00, 6931.00, 19250.00, 6928.00, 1251.00
2018-04-02 01:05:00.000000, 0.96, 3, 6962.50, 59502.00, 6962.00, 61662.00, 6897.00, 8293.00, 6896.00, 2028.00
2018-04-02 01:10:00.000000, 0.98, 3, 6963.00, 15820.00, 6962.50, 34197.00, 6895.00, 640.00, 6894.50, 21943.00
2018-04-02 01:15:00.000000, 1.09, 4, 7001.50, 265767.00, 7001.00, 14052.00, 6926.00, 2000.00, 6925.50, 13691.00
2018-04-02 01:20:00.000000, 1.02, 4, 6996.50, 202385.00, 6995.50, 3367.00, 6925.50, 1000.00, 6925.00, 100.00
2018-04-02 01:25:00.000000, 1.10, 4, 6987.00, 4600.00, 6986.50, 256772.00, 6910.50, 4000.00, 6910.00, 14500.00
2018-04-02 01:30:00.000000, 1.22, 4, 6982.50, 109276.00, 6982.00, 72528.00, 6898.00, 15771.00, 6897.50, 19031.00
2018-04-02 01:35:00.000000, 1.21, 4, 6996.50, 142885.00, 6996.00, 226562.00, 6912.50, 33507.00, 6912.00, 33440.00
2018-04-02 01:40:00.000000, 1.02, 4, 6990.00, 326969.00, 6989.50, 48446.00, 6919.50, 8347.00, 6919.00, 6381.00
2018-04-02 01:45:00.000000, 1.05, 4, 6976.50, 303347.00, 6976.00, 22013.00, 6904.50, 12237.00, 6903.00, 3128.00
2018-04-02 01:50:00.000000, 1.09, 4, 6977.00, 49620.00, 6976.50, 1053456.00, 6901.50, 113.00, 6901.00, 9546.00
2018-04-02 01:55:00.000000, 1.11, 4, 6966.00, 428675.00, 6965.50, 85529.00, 6889.00, 10741.00, 6888.50, 599.00
2018-04-02 02:00:00.000000, 1.10, 4, 6940.50, 560700.00, 6940.00, 174735.00, 6865.00, 100.00, 6864.00, 9674.00
2018-04-02 02:05:00.000000, 1.19, 4, 6946.00, 57919.00, 6945.50, 285387.00, 6863.50, 24503.00, 6863.00, 1050.00
2018-04-02 02:10:00.000000, 1.13, 4, 6942.00, 165538.00, 6941.50, 106244.00, 6864.50, 3335.00, 6863.50, 425.00
2018-04-02 02:15:00.000000, 1.21, 4, 6926.50, 511918.00, 6926.00, 40935.00, 6844.00, 9400.00, 6843.00, 565.00
2018-04-02 02:20:00.000000, 1.26, 4, 6948.00, 164602.00, 6947.50, 169608.00, 6861.00, 1541.00, 6860.50, 39100.00
2018-04-02 02:25:00.000000, 1.11, 4, 6934.50, 312569.00, 6934.00, 353154.00, 6858.00, 49210.00, 6857.50, 41714.00
2018-04-02 02:30:00.000000, 1.30, 4, 6964.00, 42323.00, 6963.50, 201597.00, 6874.00, 7312.00, 6873.50, 57426.00
2018-04-02 02:35:00.000000, 1.19, 4, 6960.50, 14450.00, 6960.00, 903746.00, 6880.00, 4117.00, 6877.50, 10000.00
2018-04-02 02:40:00.000000, 1.21, 4, 6963.00, 4544.00, 6962.50, 399664.00, 6879.00, 70100.00, 6878.50, 35868.00
2018-04-02 02:45:00.000000, 1.18, 4, 6965.00, 8223.00, 6964.50, 363811.00, 6883.00, 39079.00, 6882.50, 37542.00
2018-04-02 02:50:00.000000, 1.17, 4, 6953.50, 269250.00, 6953.00, 229776.00, 6872.50, 20615.00, 6872.00, 1500.00
2018-04-02 02:55:00.000000, 1.18, 4, 6972.00, 9198.00, 6971.50, 395796.00, 6890.00, 160766.00, 6889.50, 40197.00
2018-04-02 03:00:00.000000, 1.23, 4, 6980.00, 384855.00, 6979.50, 276067.00, 6894.50, 12500.00, 6894.00, 65576.00
2018-04-02 03:05:00.000000, 1.13, 4, 6967.50, 394455.00, 6967.00, 43042.00, 6889.50, 47048.00, 6889.00, 10599.00
2018-04-02 03:10:00.000000, 1.09, 4, 6975.50, 1667778.00, 6975.00, 638556.00, 6900.00, 41796.00, 6899.50, 600.00
2018-04-02 03:15:00.000000, 1.08, 4, 6959.50, 332451.00, 6959.00, 57685.00, 6885.00, 11431.00, 6884.50, 5000.00
2018-04-02 03:20:00.000000, 1.05, 4, 6956.50, 709075.00, 6956.00, 213122.00, 6884.00, 27380.00, 6883.50, 550.00
2018-04-02 03:25:00.000000, 1.06, 4, 6945.00, 375667.00, 6944.50, 251021.00, 6872.00, 23991.00, 6871.50, 31000.00
2018-04-02 03:30:00.000000, 1.16, 4, 6958.00, 127067.00, 6957.50, 473235.00, 6878.00, 3.00, 6877.50, 2654.00
2018-04-02 03:35:00.000000, 1.13, 4, 6965.50, 10237.00, 6965.00, 295961.00, 6887.00, 1000.00, 6886.50, 26487.00
2018-04-02 03:40:00.000000, 1.11, 4, 6960.50, 124450.00, 6960.00, 12386.00, 6884.50, 7502.00, 6883.50, 14520.00
2018-04-02 03:45:00.000000, 1.16, 4, 6960.50, 24244.00, 6960.00, 184717.00, 6880.00, 200.00, 6879.50, 35090.00
2018-04-02 03:50:00.000000, 1.11, 4, 6957.00, 300954.00, 6956.50, 186668.00, 6880.00, 23316.00, 6879.50, 4200.00
2018-04-02 03:55:00.000000, 0.98, 3, 7014.50, 116461.00, 7014.00, 24301.00, 6946.50, 72873.00, 6945.50, 1757.00
2018-04-02 04:00:00.000000, 1.07, 4, 6983.00, 182461.00, 6982.50, 85784.00, 6908.50, 61343.00, 6908.00, 2603.00
2018-04-02 04:05:00.000000, 1.16, 4, 6995.50, 129000.00, 6995.00, 2110.00, 6916.50, 4842.00, 6914.50, 160.00
2018-04-02 04:10:00.000000, 1.12, 4, 6989.50, 110437.00, 6989.00, 261077.00, 6914.00, 19778.00, 6911.50, 5550.00
2018-04-02 04:15:00.000000, 1.14, 4, 6959.50, 665512.00, 6959.00, 333461.00, 6883.50, 8000.00, 6880.00, 2594.00
2018-04-02 04:20:00.000000, 1.25, 4, 6953.50, 790921.00, 6953.00, 23780.00, 6867.00, 64020.00, 6866.50, 2000.00
2018-04-02 04:25:00.000000, 1.22, 4, 6946.00, 190434.00, 6945.50, 1175.00, 6862.00, 51667.00, 6861.50, 26134.00
2018-04-02 04:30:00.000000, 1.25, 4, 6958.00, 186508.00, 6957.50, 211250.00, 6871.50, 22076.00, 6871.00, 37544.00
2018-04-02 04:35:00.000000, 1.30, 4, 6940.00, 874641.00, 6939.50, 10958.00, 6850.50, 58048.00, 6850.00, 122052.00
2018-04-02 04:40:00.000000, 1.21, 4, 6953.50, 53003.00, 6953.00, 504870.00, 6870.00, 100.00, 6869.50, 56356.00
2018-04-02 04:45:00.000000, 1.31, 4, 6945.00, 504681.00, 6944.50, 269572.00, 6854.50, 870.00, 6854.00, 56110.00
2018-04-02 04:50:00.000000, 1.14, 4, 6900.50, 296329.00, 6900.00, 130946.00, 6822.50, 15000.00, 6822.00, 851.00
2018-04-02 04:55:00.000000, 1.22, 4, 6886.00, 71866.00, 6885.50, 741665.00, 6805.00, 1915.00, 6802.00, 2815.00
2018-04-02 05:00:00.000000, 1.18, 4, 6884.00, 50.00, 6882.50, 438838.00, 6803.50, 4497.00, 6803.00, 39411.00
2018-04-02 05:05:00.000000, 1.12, 4, 6847.00, 12922.00, 6846.00, 7305.00, 6772.00, 10000.00, 6770.00, 13391.00
2018-04-02 05:10:00.000000, 1.07, 4, 6870.50, 293764.00, 6870.00, 358015.00, 6798.00, 7868.00, 6797.00, 100.00
2018-04-02 05:15:00.000000, 1.16, 4, 6882.50, 775148.00, 6882.00, 235833.00, 6803.50, 17576.00, 6803.00, 48250.00
2018-04-02 05:20:00.000000, 1.13, 4, 6882.50, 75517.00, 6882.00, 661970.00, 6805.50, 94286.00, 6805.00, 34274.00
2018-04-02 05:25:00.000000, 1.11, 4, 6886.00, 346302.00, 6885.50, 437914.00, 6810.00, 25100.00, 6809.50, 8050.00
2018-04-02 05:30:00.000000, 1.21, 4, 6885.00, 296994.00, 6884.50, 443867.00, 6806.00, 2583.00, 6801.50, 9566.00
2018-04-02 05:35:00.000000, 1.16, 4, 6907.00, 490997.00, 6906.50, 9329.00, 6827.50, 47523.00, 6827.00, 15.00
2018-04-02 05:40:00.000000, 1.24, 4, 6899.50, 7943.00, 6899.00, 407465.00, 6814.50, 8066.00, 6814.00, 430.00
2018-04-02 05:45:00.000000, 1.21, 4, 6903.00, 21098.00, 6902.50, 492409.00, 6820.00, 612.00, 6819.50, 26838.00
2018-04-02 05:50:00.000000, 1.24, 4, 6909.00, 70167.00, 6908.50, 656696.00, 6823.50, 468.00, 6823.00, 31191.00
2018-04-02 05:55:00.000000, 1.20, 4, 6889.50, 247548.00, 6889.00, 66502.00, 6809.00, 2505.00, 6807.00, 4000.00
2018-04-02 06:00:00.000000, 1.22, 4, 6890.00, 382467.00, 6889.50, 58361.00, 6806.50, 28880.00, 6806.00, 26552.00
2018-04-02 06:05:00.000000, 1.28, 4, 6908.00, 584307.00, 6907.50, 92603.00, 6820.00, 24855.00, 6819.50, 81530.00
2018-04-02 06:10:00.000000, 1.12, 4, 6899.50, 304816.00, 6899.00, 490797.00, 6823.00, 18485.00, 6822.50, 4000.00
2018-04-02 06:15:00.000000, 1.27, 4, 6908.50, 84061.00, 6908.00, 766988.00, 6821.00, 64491.00, 6820.50, 14000.00
2018-04-02 06:20:00.000000, 1.07, 4, 6943.50, 611477.00, 6943.00, 90460.00, 6870.00, 62729.00, 6869.50, 5477.00
2018-04-02 06:25:00.000000, 1.02, 4, 6931.00, 446906.00, 6930.50, 214544.00, 6860.50, 20400.00, 6860.00, 7196.00
2018-04-02 06:30:00.000000, 1.00, 4, 6919.50, 407229.00, 6919.00, 656981.00, 6850.50, 19900.00, 6850.00, 25792.00
2018-04-02 06:35:00.000000, 1.03, 4, 6920.50, 11650.00, 6920.00, 675937.00, 6851.50, 3360.00, 6849.00, 8508.00
2018-04-02 06:40:00.000000, 1.03, 4, 6915.50, 191338.00, 6915.00, 112806.00, 6844.50, 29486.00, 6844.00, 13110.00
2018-04-02 06:45:00.000000, 0.98, 3, 6904.50, 841251.00, 6904.00, 44091.00, 6837.00, 23695.00, 6836.50, 4954.00
2018-04-02 06:50:00.000000, 1.00, 4, 6898.50, 27803.00, 6898.00, 276027.00, 6830.00, 11660.00, 6829.50, 21120.00
2018-04-02 06:55:00.000000, 1.14, 4, 6898.00, 109976.00, 6897.50, 5422.00, 6820.00, 24000.00, 6819.50, 4000.00
2018-04-02 07:00:00.000000, 1.10, 4, 6890.50, 161958.00, 6890.00, 857042.00, 6815.50, 11000.00, 6815.00, 100.00
