Row,Timestamp,Actual,Prediction,Error,Confidence
1,2018-06-10 06:02:00-06:00,7239.50000000,7239.50000000,0.00000,100.00000000
2,2018-06-10 06:03:00-06:00,7239.00000000,7239.50000000,-0.00345,0.19960080
3,2018-06-10 06:04:00-06:00,7239.50000000,7239.50000000,-0.00230,0.19960080
4,2018-06-10 06:05:00-06:00,7245.50000000,7245.50000000,-0.00173,0.19960080
5,2018-06-10 06:06:00-06:00,7245.50000000,7245.50000000,-0.00138,0.19685039
6,2018-06-10 06:07:00-06:00,7249.00000000,7249.50000000,-0.00230,0.19685039
7,2018-06-10 06:08:00-06:00,7246.50000000,7249.00000000,-0.00690,0.19531250
8,2018-06-10 06:09:00-06:00,7246.50000000,7246.50000000,-0.00604,0.19531250
9,2018-06-10 06:10:00-06:00,7246.00000000,7246.50000000,-0.00613,0.19531250
10,2018-06-10 06:11:00-06:00,7246.50000000,7249.35009766,-0.00945,52.96171308
11,2018-06-10 06:12:00-06:00,7246.50000000,7246.50000000,-0.00859,100.00000000
12,2018-06-10 06:13:00-06:00,7246.00000000,7246.50000000,-0.00845,51.28431916
13,2018-06-10 06:14:00-06:00,7246.00000000,7246.50000000,-0.00833,100.00000000
14,2018-06-10 06:15:00-06:00,7246.50000000,7246.50000000,-0.00774,100.00000000
15,2018-06-10 06:16:00-06:00,7246.00000000,7246.50000000,-0.00768,100.00000000
16,2018-06-10 06:17:00-06:00,7246.50000000,7246.50000000,-0.00720,100.00000000
17,2018-06-10 06:18:00-06:00,7246.50000000,7246.50000000,-0.00678,100.00000000
18,2018-06-10 06:19:00-06:00,7248.00000000,7249.35009766,-0.00744,99.86349344
19,2018-06-10 06:20:00-06:00,7249.00000000,7246.50000000,-0.00523,99.97338653
20,2018-06-10 06:21:00-06:00,7250.00000000,7249.24511719,-0.00445,94.59458590
21,2018-06-10 06:22:00-06:00,7253.00000000,7246.50000000,0.00003,68.82743239
22,2018-06-10 06:23:00-06:00,7253.00000000,7246.50000000,0.00410,99.99997616
23,2018-06-10 06:24:00-06:00,7251.00000000,7246.50000000,0.00662,100.00000000
24,2018-06-10 06:25:00-06:00,7253.00000000,7246.50000000,0.01008,100.00000000
25,2018-06-10 06:26:00-06:00,7252.50000000,7253.50000000,0.00913,100.00000000
26,2018-06-10 06:27:00-06:00,7250.50000000,7246.50000000,0.01090,99.99991059
27,2018-06-10 06:28:00-06:00,7251.00000000,7249.24511719,0.01139,100.00000000
28,2018-06-10 06:29:00-06:00,7250.50000000,7246.50000000,0.01295,100.00000000
29,2018-06-10 06:30:00-06:00,7250.50000000,7246.50000000,0.01441,100.00000000
30,2018-06-10 06:31:00-06:00,7249.00000000,7251.00000000,0.01301,54.94091511
31,2018-06-10 06:32:00-06:00,7248.00000000,7251.00000000,0.01125,93.75573397
32,2018-06-10 06:33:00-06:00,7245.00000000,7251.00000000,0.00831,100.00000000
33,2018-06-10 06:34:00-06:00,7242.50000000,7245.50000000,0.00681,99.99998212
34,2018-06-10 06:35:00-06:00,7242.50000000,7245.50000000,0.00539,100.00000000
35,2018-06-10 06:36:00-06:00,7244.00000000,7242.50000000,0.00583,100.00000000
36,2018-06-10 06:37:00-06:00,7243.50000000,7244.00000000,0.00547,100.00000000
37,2018-06-10 06:38:00-06:00,7244.00000000,7244.00000000,0.00533,100.00000000
38,2018-06-10 06:39:00-06:00,7244.00000000,7244.00000000,0.00519,100.00000000
39,2018-06-10 06:40:00-06:00,7243.50000000,7251.00000000,0.00240,99.25231338
40,2018-06-10 06:41:00-06:00,7244.00000000,7251.00000000,-0.00008,96.62920237
41,2018-06-10 06:42:00-06:00,7244.00000000,7244.00000000,-0.00008,99.86856580
42,2018-06-10 06:43:00-06:00,7243.50000000,7239.50000000,0.00124,99.98993874
43,2018-06-10 06:44:00-06:00,7242.00000000,7239.50000000,0.00201,100.00000000
44,2018-06-10 06:45:00-06:00,7240.50000000,7244.00000000,0.00087,100.00000000
45,2018-06-10 06:46:00-06:00,7240.50000000,7239.50000000,0.00116,100.00000000
46,2018-06-10 06:47:00-06:00,7238.00000000,7239.50000000,0.00068,95.47980428
47,2018-06-10 06:48:00-06:00,7238.00000000,7239.50000000,0.00023,99.99185205
48,2018-06-10 06:49:00-06:00,7238.00000000,7238.50000000,0.00008,100.00000000
49,2018-06-10 06:50:00-06:00,7238.00000000,7238.50000000,-0.00007,100.00000000
50,2018-06-10 06:51:00-06:00,7238.00000000,7239.50000000,-0.00048,99.99991059
51,2018-06-10 06:52:00-06:00,7238.50000000,7239.50000000,-0.00074,100.00000000
52,2018-06-10 06:53:00-06:00,7236.00000000,7238.50000000,-0.00139,100.00000000
53,2018-06-10 06:54:00-06:00,7236.50000000,7238.50000000,-0.00189,100.00000000
54,2018-06-10 06:55:00-06:00,7231.00000000,7236.50000000,-0.00326,100.00000000
55,2018-06-10 06:56:00-06:00,7229.50000000,7236.50000000,-0.00496,99.99997616
56,2018-06-10 06:57:00-06:00,7232.50000000,7231.50000000,-0.00462,100.00000000
57,2018-06-10 06:58:00-06:00,7234.50000000,7236.50000000,-0.00503,99.99998808
58,2018-06-10 06:59:00-06:00,7230.00000000,7234.50000000,-0.00601,100.00000000
59,2018-06-10 07:00:00-06:00,7230.00000000,7234.50000000,-0.00697,100.00000000
60,2018-06-10 07:01:00-06:00,7231.00000000,7230.50000000,-0.00674,100.00000000
61,2018-06-10 07:02:00-06:00,7234.50000000,7230.64990234,-0.00575,100.00000000
62,2018-06-10 07:03:00-06:00,7242.50000000,7248.00000000,-0.00689,99.99999404
63,2018-06-10 07:04:00-06:00,7243.00000000,7248.00000000,-0.00787,100.00000000
64,2018-06-10 07:05:00-06:00,7242.50000000,7253.00000000,-0.01001,42.42985249
65,2018-06-10 07:06:00-06:00,7242.50000000,7253.50000000,-0.01220,100.00000000
66,2018-06-10 07:07:00-06:00,7243.00000000,7244.00000000,-0.01222,100.00000000
67,2018-06-10 07:08:00-06:00,7242.50000000,7244.00000000,-0.01235,100.00000000
68,2018-06-10 07:09:00-06:00,7240.50000000,7243.00000000,-0.01267,100.00000000
69,2018-06-10 07:10:00-06:00,7240.00000000,7243.00000000,-0.01309,100.00000000
70,2018-06-10 07:11:00-06:00,7240.00000000,7243.00000000,-0.01350,97.91070223
71,2018-06-10 07:12:00-06:00,7237.50000000,7240.50000000,-0.01389,100.00000000
72,2018-06-10 07:13:00-06:00,7236.50000000,7242.39501953,-0.01483,100.00000000
73,2018-06-10 07:14:00-06:00,7230.50000000,7237.50000000,-0.01595,95.98614573
74,2018-06-10 07:15:00-06:00,7232.50000000,7243.00000000,-0.01770,99.99997020
75,2018-06-10 07:16:00-06:00,7234.00000000,7233.00000000,-0.01728,99.93489981
76,2018-06-10 07:17:00-06:00,7218.50000000,7236.60498047,-0.02035,99.97473955
77,2018-06-10 07:18:00-06:00,7220.50000000,7253.50000000,-0.02602,99.99909997
78,2018-06-10 07:19:00-06:00,7214.00000000,7221.00000000,-0.02693,99.99999404
79,2018-06-10 07:20:00-06:00,7189.50000000,7253.50000000,-0.03786,99.99999404
80,2018-06-10 07:21:00-06:00,7205.50000000,7214.00000000,-0.03886,100.00000000
81,2018-06-10 07:22:00-06:00,7215.50000000,7211.00000000,-0.03761,100.00000000
82,2018-06-10 07:23:00-06:00,7218.50000000,7216.00000000,-0.03673,100.00000000
83,2018-06-10 07:24:00-06:00,7221.50000000,7219.00000000,-0.03587,100.00000000
84,2018-06-10 07:25:00-06:00,7221.00000000,7221.50000000,-0.03553,100.00000000
85,2018-06-10 07:26:00-06:00,7220.50000000,7221.50000000,-0.03527,100.00000000
86,2018-06-10 07:27:00-06:00,7226.00000000,7221.50000000,-0.03414,100.00000000
87,2018-06-10 07:28:00-06:00,7221.00000000,7226.00000000,-0.03454,100.00000000
88,2018-06-10 07:29:00-06:00,7229.50000000,7226.00000000,-0.03360,100.00000000
89,2018-06-10 07:30:00-06:00,7230.00000000,7230.00000000,-0.03322,100.00000000
90,2018-06-10 07:31:00-06:00,7237.50000000,7251.00000000,-0.03492,99.99986291
91,2018-06-10 07:32:00-06:00,7232.50000000,7232.50000000,-0.03454,99.99288917
92,2018-06-10 07:33:00-06:00,7233.50000000,7237.75488281,-0.03480,51.13254786
93,2018-06-10 07:34:00-06:00,7239.50000000,7233.14990234,-0.03349,99.29285645
94,2018-06-10 07:35:00-06:00,7241.00000000,7243.00000000,-0.03342,100.00000000
95,2018-06-10 07:36:00-06:00,7241.00000000,7243.00000000,-0.03336,100.00000000
96,2018-06-10 07:37:00-06:00,7240.50000000,7241.14990234,-0.03311,100.00000000
97,2018-06-10 07:38:00-06:00,7248.00000000,7241.10498047,-0.03179,99.99975562
98,2018-06-10 07:39:00-06:00,7247.00000000,7248.00000000,-0.03160,99.99988079
99,2018-06-10 07:40:00-06:00,7243.50000000,7248.00000000,-0.03191,100.00000000
100,2018-06-10 07:41:00-06:00,7239.50000000,7247.00000000,-0.03263,96.26621604
101,2018-06-10 07:42:00-06:00,7239.50000000,7243.85009766,-0.03290,99.99338388
102,2018-06-10 07:43:00-06:00,7239.00000000,7238.50000000,-0.03251,99.83402491
103,2018-06-10 07:44:00-06:00,7246.00000000,7239.50000000,-0.03132,55.38648963
104,2018-06-10 07:45:00-06:00,7246.00000000,7243.00000000,-0.03062,100.00000000
105,2018-06-10 07:46:00-06:00,7244.50000000,7243.00000000,-0.03013,99.99995232
106,2018-06-10 07:47:00-06:00,7244.50000000,7245.64990234,-0.03000,100.00000000
107,2018-06-10 07:48:00-06:00,7250.00000000,7244.85009766,-0.02906,100.00000000
108,2018-06-10 07:49:00-06:00,7249.50000000,7245.64990234,-0.02830,100.00000000
109,2018-06-10 07:50:00-06:00,7249.50000000,7243.00000000,-0.02721,100.00000000
110,2018-06-10 07:51:00-06:00,7258.00000000,7249.27001953,-0.02587,100.00000000
111,2018-06-10 07:52:00-06:00,7257.50000000,7251.00000000,-0.02483,99.99861121
112,2018-06-10 07:53:00-06:00,7287.00000000,7258.00000000,-0.02106,100.00000000
113,2018-06-10 07:54:00-06:00,7273.00000000,7237.75488281,-0.01658,92.32079387
114,2018-06-10 07:55:00-06:00,7267.50000000,7287.00000000,-0.01879,99.99979734
115,2018-06-10 07:56:00-06:00,7269.00000000,7273.50000000,-0.01917,100.00000000
116,2018-06-10 07:57:00-06:00,7274.50000000,7269.00000000,-0.01835,100.00000000
117,2018-06-10 07:58:00-06:00,7278.50000000,7275.00000000,-0.01778,100.00000000
118,2018-06-10 07:59:00-06:00,7279.00000000,7280.00000000,-0.01775,100.00000000
119,2018-06-10 08:00:00-06:00,7270.00000000,7280.00000000,-0.01875,100.00000000
120,2018-06-10 08:01:00-06:00,7270.50000000,7279.50000000,-0.01963,100.00000000
121,2018-06-10 08:02:00-06:00,7271.00000000,7270.50000000,-0.01941,100.00000000
122,2018-06-10 08:03:00-06:00,7269.50000000,7271.00000000,-0.01942,32.40236342
123,2018-06-10 08:04:00-06:00,7263.50000000,7271.00000000,-0.02010,100.00000000
124,2018-06-10 08:05:00-06:00,7269.50000000,7271.00000000,-0.02011,100.00000000
125,2018-06-10 08:06:00-06:00,7264.00000000,7269.25488281,-0.02052,98.96157980
126,2018-06-10 08:07:00-06:00,7265.00000000,7269.32861328,-0.02083,99.99995828
127,2018-06-10 08:08:00-06:00,7264.50000000,7297.50000000,-0.02425,99.09780622
128,2018-06-10 08:09:00-06:00,7263.50000000,7265.00000000,-0.02422,100.00000000
129,2018-06-10 08:10:00-06:00,7264.00000000,7265.00000000,-0.02414,99.99999404
130,2018-06-10 08:11:00-06:00,7263.00000000,7264.00000000,-0.02406,100.00000000
131,2018-06-10 08:12:00-06:00,7263.00000000,7264.00000000,-0.02398,100.00000000
132,2018-06-10 08:13:00-06:00,7261.50000000,7263.50000000,-0.02401,100.00000000
133,2018-06-10 08:14:00-06:00,7261.00000000,7263.35009766,-0.02407,100.00000000
134,2018-06-10 08:15:00-06:00,7263.50000000,7262.00000000,-0.02373,100.00000000
135,2018-06-10 08:16:00-06:00,7264.00000000,7263.39501953,-0.02350,100.00000000
136,2018-06-10 08:17:00-06:00,7262.00000000,7264.00000000,-0.02353,100.00000000
137,2018-06-10 08:18:00-06:00,7257.50000000,7264.00000000,-0.02401,76.29048228
138,2018-06-10 08:19:00-06:00,7257.00000000,7251.00000000,-0.02324,96.59496546
139,2018-06-10 08:20:00-06:00,7256.50000000,7258.00000000,-0.02322,100.00000000
140,2018-06-10 08:21:00-06:00,7256.50000000,7257.00000000,-0.02310,100.00000000
141,2018-06-10 08:22:00-06:00,7261.50000000,7257.00000000,-0.02250,100.00000000
142,2018-06-10 08:23:00-06:00,7261.50000000,7257.00000000,-0.02190,99.83412027
143,2018-06-10 08:24:00-06:00,7261.50000000,7257.00000000,-0.02132,100.00000000
144,2018-06-10 08:25:00-06:00,7261.50000000,7261.50000000,-0.02117,100.00000000
145,2018-06-10 08:26:00-06:00,7261.50000000,7261.50000000,-0.02102,100.00000000
146,2018-06-10 08:27:00-06:00,7261.50000000,7261.50000000,-0.02088,100.00000000
147,2018-06-10 08:28:00-06:00,7261.00000000,7261.50000000,-0.02078,100.00000000
148,2018-06-10 08:29:00-06:00,7257.50000000,7261.50000000,-0.02101,100.00000000
149,2018-06-10 08:30:00-06:00,7257.50000000,7261.00000000,-0.02120,100.00000000
150,2018-06-10 08:31:00-06:00,7256.00000000,7261.50000000,-0.02156,99.99998808
151,2018-06-10 08:32:00-06:00,7256.00000000,7240.50000000,-0.02000,95.53331137
152,2018-06-10 08:33:00-06:00,7256.50000000,7257.25488281,-0.01994,96.33498788
153,2018-06-10 08:34:00-06:00,7257.00000000,7256.50000000,-0.01977,100.00000000
154,2018-06-10 08:35:00-06:00,7258.50000000,7256.50000000,-0.01946,99.99999404
155,2018-06-10 08:36:00-06:00,7259.50000000,7257.17871094,-0.01913,100.00000000
156,2018-06-10 08:37:00-06:00,7259.50000000,7259.50000000,-0.01900,99.99998212
157,2018-06-10 08:38:00-06:00,7259.00000000,7259.50000000,-0.01893,100.00000000
158,2018-06-10 08:39:00-06:00,7259.50000000,7259.50000000,-0.01881,100.00000000
159,2018-06-10 08:40:00-06:00,7259.50000000,7259.50000000,-0.01869,100.00000000
160,2018-06-10 08:41:00-06:00,7259.50000000,7259.50000000,-0.01857,100.00000000
161,2018-06-10 08:42:00-06:00,7258.00000000,7259.50000000,-0.01858,100.00000000
162,2018-06-10 08:43:00-06:00,7256.00000000,7259.50000000,-0.01877,100.00000000
163,2018-06-10 08:44:00-06:00,7256.00000000,7258.00000000,-0.01882,99.99421239
164,2018-06-10 08:45:00-06:00,7253.00000000,7249.27001953,-0.01839,100.00000000
165,2018-06-10 08:46:00-06:00,7252.00000000,7256.35009766,-0.01865,100.00000000
166,2018-06-10 08:47:00-06:00,7251.00000000,7253.50000000,-0.01874,100.00000000
167,2018-06-10 08:48:00-06:00,7246.50000000,7252.85009766,-0.01915,100.00000000
168,2018-06-10 08:49:00-06:00,7247.00000000,7251.85009766,-0.01944,100.00000000
169,2018-06-10 08:50:00-06:00,7247.50000000,7243.85009766,-0.01902,90.57729840
170,2018-06-10 08:51:00-06:00,7249.00000000,7249.27001953,-0.01893,100.00000000
171,2018-06-10 08:52:00-06:00,7249.00000000,7249.18896484,-0.01884,100.00000000
172,2018-06-10 08:53:00-06:00,7246.50000000,7249.13232422,-0.01894,100.00000000
173,2018-06-10 08:54:00-06:00,7244.00000000,7249.09277344,-0.01924,100.00000000
174,2018-06-10 08:55:00-06:00,7244.50000000,7243.85009766,-0.01908,99.82689619
175,2018-06-10 08:56:00-06:00,7240.00000000,7244.74511719,-0.01934,100.00000000
176,2018-06-10 08:57:00-06:00,7240.00000000,7244.67138672,-0.01960,100.00000000
177,2018-06-10 08:58:00-06:00,7238.50000000,7240.50000000,-0.01964,100.00000000
178,2018-06-10 08:59:00-06:00,7238.00000000,7236.60498047,-0.01942,99.80293512
179,2018-06-10 09:00:00-06:00,7242.50000000,7238.50000000,-0.01901,100.00000000
180,2018-06-10 09:01:00-06:00,7244.50000000,7246.50000000,-0.01906,98.84211421
181,2018-06-10 09:02:00-06:00,7249.00000000,7244.62011719,-0.01862,100.00000000
182,2018-06-10 09:03:00-06:00,7253.00000000,7251.85009766,-0.01843,92.12735295
183,2018-06-10 09:04:00-06:00,7258.50000000,7251.85009766,-0.01783,99.99999404
184,2018-06-10 09:05:00-06:00,7255.00000000,7256.35009766,-0.01783,98.90449643
185,2018-06-10 09:06:00-06:00,7254.50000000,7258.50000000,-0.01803,100.00000000
186,2018-06-10 09:07:00-06:00,7255.00000000,7258.50000000,-0.01819,98.47596884
187,2018-06-10 09:08:00-06:00,7253.50000000,7255.00000000,-0.01821,100.00000000
188,2018-06-10 09:09:00-06:00,7252.00000000,7255.00000000,-0.01833,100.00000000
189,2018-06-10 09:10:00-06:00,7245.00000000,7250.00000000,-0.01860,60.79986095
190,2018-06-10 09:11:00-06:00,7246.50000000,7244.62011719,-0.01836,99.85908270
191,2018-06-10 09:12:00-06:00,7244.50000000,7247.07373047,-0.01845,99.99631643
192,2018-06-10 09:13:00-06:00,7241.50000000,7240.50000000,-0.01829,99.99997616
193,2018-06-10 09:14:00-06:00,7242.00000000,7244.58398438,-0.01838,100.00000000
194,2018-06-10 09:15:00-06:00,7242.00000000,7242.31396484,-0.01830,100.00000000
195,2018-06-10 09:16:00-06:00,7240.00000000,7242.21972656,-0.01837,100.00000000
196,2018-06-10 09:17:00-06:00,7238.50000000,7242.15380859,-0.01853,100.00000000
197,2018-06-10 09:18:00-06:00,7230.50000000,7242.15380859,-0.01926,99.99999404
198,2018-06-10 09:19:00-06:00,7235.00000000,7242.15380859,-0.01966,99.99744892
199,2018-06-10 09:20:00-06:00,7234.50000000,7235.14990234,-0.01960,100.00000000
200,2018-06-10 09:21:00-06:00,7234.50000000,7235.10498047,-0.01955,100.00000000
201,2018-06-10 09:22:00-06:00,7237.50000000,7235.07373047,-0.01928,100.00000000
202,2018-06-10 09:23:00-06:00,7237.50000000,7237.67871094,-0.01920,89.61954713
203,2018-06-10 09:24:00-06:00,7238.50000000,7237.62500000,-0.01905,98.99040461
204,2018-06-10 09:25:00-06:00,7238.50000000,7238.50000000,-0.01895,99.99998808
205,2018-06-10 09:26:00-06:00,7231.50000000,7237.62500000,-0.01927,90.05650282
206,2018-06-10 09:27:00-06:00,7231.00000000,7237.62500000,-0.01962,99.99997616
207,2018-06-10 09:28:00-06:00,7226.50000000,7230.00000000,-0.01976,100.00000000
208,2018-06-10 09:29:00-06:00,7225.00000000,7230.75488281,-0.02005,100.00000000
209,2018-06-10 09:30:00-06:00,7231.50000000,7230.67871094,-0.01990,100.00000000
210,2018-06-10 09:31:00-06:00,7231.00000000,7231.50000000,-0.01984,100.00000000
211,2018-06-10 09:32:00-06:00,7224.50000000,7234.50000000,-0.02040,100.00000000
212,2018-06-10 09:33:00-06:00,7228.50000000,7231.50000000,-0.02050,100.00000000
213,2018-06-10 09:34:00-06:00,7230.50000000,7229.00000000,-0.02031,99.98478889
214,2018-06-10 09:35:00-06:00,7234.00000000,7231.50000000,-0.02005,100.00000000
215,2018-06-10 09:36:00-06:00,7229.50000000,7230.62500000,-0.02003,58.68239999
216,2018-06-10 09:37:00-06:00,7229.50000000,7234.24511719,-0.02024,100.00000000
217,2018-06-10 09:38:00-06:00,7229.50000000,7234.24511719,-0.02045,100.00000000
218,2018-06-10 09:39:00-06:00,7233.50000000,7229.74511719,-0.02012,100.00000000
219,2018-06-10 09:40:00-06:00,7235.00000000,7242.15380859,-0.02048,99.96404052
220,2018-06-10 09:41:00-06:00,7239.00000000,7244.58398438,-0.02074,99.99998808
221,2018-06-10 09:42:00-06:00,7239.00000000,7242.15380859,-0.02084,99.99881983
222,2018-06-10 09:43:00-06:00,7237.50000000,7242.15380859,-0.02103,99.99998808
223,2018-06-10 09:44:00-06:00,7237.50000000,7239.50000000,-0.02106,100.00000000
224,2018-06-10 09:45:00-06:00,7240.00000000,7237.58740234,-0.02082,99.74687696
225,2018-06-10 09:46:00-06:00,7243.00000000,7240.24511719,-0.02056,100.00000000
226,2018-06-10 09:47:00-06:00,7243.00000000,7243.00000000,-0.02047,100.00000000
227,2018-06-10 09:48:00-06:00,7242.50000000,7243.00000000,-0.02041,99.95889664
228,2018-06-10 09:49:00-06:00,7240.00000000,7243.00000000,-0.02050,100.00000000
229,2018-06-10 09:50:00-06:00,7240.50000000,7243.00000000,-0.02056,99.70707893
230,2018-06-10 09:51:00-06:00,7239.00000000,7244.58398438,-0.02081,100.00000000
231,2018-06-10 09:52:00-06:00,7238.00000000,7244.58398438,-0.02111,99.99999404
232,2018-06-10 09:53:00-06:00,7238.00000000,7243.00000000,-0.02132,99.99996424
233,2018-06-10 09:54:00-06:00,7238.00000000,7237.71142578,-0.02121,100.00000000
234,2018-06-10 09:55:00-06:00,7238.00000000,7237.79785156,-0.02111,61.75974011
235,2018-06-10 09:56:00-06:00,7239.00000000,7240.37500000,-0.02110,100.00000000
236,2018-06-10 09:57:00-06:00,7239.50000000,7240.37500000,-0.02106,100.00000000
237,2018-06-10 09:58:00-06:00,7240.50000000,7240.37500000,-0.02096,99.99735951
238,2018-06-10 09:59:00-06:00,7241.00000000,7239.50000000,-0.02079,100.00000000
239,2018-06-10 10:00:00-06:00,7241.50000000,7239.50000000,-0.02059,100.00000000
240,2018-06-10 10:01:00-06:00,7242.50000000,7241.20166016,-0.02043,99.99997616
241,2018-06-10 10:02:00-06:00,7242.00000000,7242.25781250,-0.02036,100.00000000
242,2018-06-10 10:03:00-06:00,7243.00000000,7242.33056641,-0.02023,100.00000000
243,2018-06-10 10:04:00-06:00,7243.50000000,7243.00000000,-0.02012,100.00000000
244,2018-06-10 10:05:00-06:00,7245.50000000,7247.05126953,-0.02013,100.00000000
245,2018-06-10 10:06:00-06:00,7245.50000000,7247.05126953,-0.02013,83.70566368
246,2018-06-10 10:07:00-06:00,7240.50000000,7237.85839844,-0.01990,55.74739575
247,2018-06-10 10:08:00-06:00,7244.00000000,7243.89501953,-0.01982,99.91980195
248,2018-06-10 10:09:00-06:00,7240.00000000,7244.70898438,-0.02000,99.98735785
249,2018-06-10 10:10:00-06:00,7240.00000000,7244.70898438,-0.02018,99.99999404
250,2018-06-10 10:11:00-06:00,7240.00000000,7241.20166016,-0.02017,100.00000000
251,2018-06-10 10:12:00-06:00,7235.00000000,7239.50000000,-0.02033,99.99134541
252,2018-06-10 10:13:00-06:00,7239.50000000,7239.50000000,-0.02025,100.00000000
253,2018-06-10 10:14:00-06:00,7237.00000000,7240.47021484,-0.02036,99.99998212
254,2018-06-10 10:15:00-06:00,7234.50000000,7230.62500000,-0.02007,99.99998212
255,2018-06-10 10:16:00-06:00,7229.00000000,7230.62500000,-0.02008,99.86120462
256,2018-06-10 10:17:00-06:00,7228.50000000,7233.25488281,-0.02026,100.00000000
257,2018-06-10 10:18:00-06:00,7228.50000000,7229.00000000,-0.02021,100.00000000
258,2018-06-10 10:19:00-06:00,7228.00000000,7229.00000000,-0.02018,100.00000000
259,2018-06-10 10:20:00-06:00,7225.50000000,7229.00000000,-0.02029,100.00000000
260,2018-06-10 10:21:00-06:00,7225.50000000,7228.50000000,-0.02037,27.23813057
261,2018-06-10 10:22:00-06:00,7223.50000000,7229.74511719,-0.02063,12.96141446
262,2018-06-10 10:23:00-06:00,7224.00000000,7226.00000000,-0.02065,92.56568551
263,2018-06-10 10:24:00-06:00,7228.50000000,7229.00000000,-0.02060,92.08822846
264,2018-06-10 10:25:00-06:00,7228.50000000,7228.50000000,-0.02052,54.51432467
265,2018-06-10 10:26:00-06:00,7225.50000000,7228.50000000,-0.02060,100.00000000
266,2018-06-10 10:27:00-06:00,7223.50000000,7228.50000000,-0.02078,100.00000000
267,2018-06-10 10:28:00-06:00,7223.50000000,7228.50000000,-0.02097,70.48389316
268,2018-06-10 10:29:00-06:00,7223.50000000,7228.50000000,-0.02115,50.39585233
269,2018-06-10 10:30:00-06:00,7220.50000000,7224.00000000,-0.02125,100.00000000
270,2018-06-10 10:31:00-06:00,7214.50000000,7224.00000000,-0.02166,100.00000000
271,2018-06-10 10:32:00-06:00,7205.50000000,7220.50000000,-0.02234,99.95197654
272,2018-06-10 10:33:00-06:00,7219.50000000,7214.50000000,-0.02201,100.00000000
273,2018-06-10 10:34:00-06:00,7217.50000000,7219.14990234,-0.02201,100.00000000
274,2018-06-10 10:35:00-06:00,7221.50000000,7219.25488281,-0.02182,100.00000000
275,2018-06-10 10:36:00-06:00,7225.00000000,7224.00000000,-0.02169,100.00000000
276,2018-06-10 10:37:00-06:00,7222.00000000,7225.00000000,-0.02176,100.00000000
277,2018-06-10 10:38:00-06:00,7225.50000000,7225.00000000,-0.02166,100.00000000
278,2018-06-10 10:39:00-06:00,7225.50000000,7225.14990234,-0.02156,100.00000000
279,2018-06-10 10:40:00-06:00,7225.00000000,7229.74511719,-0.02172,96.40935063
280,2018-06-10 10:41:00-06:00,7225.00000000,7225.32861328,-0.02166,99.93607998
281,2018-06-10 10:42:00-06:00,7225.00000000,7225.37988281,-0.02160,100.00000000
282,2018-06-10 10:43:00-06:00,7225.00000000,7225.41601562,-0.02154,100.00000000
283,2018-06-10 10:44:00-06:00,7225.00000000,7225.44140625,-0.02149,100.00000000
284,2018-06-10 10:45:00-06:00,7225.50000000,7225.45898438,-0.02141,100.00000000
285,2018-06-10 10:46:00-06:00,7225.50000000,7225.47119141,-0.02133,100.00000000
286,2018-06-10 10:47:00-06:00,7225.00000000,7225.47998047,-0.02128,100.00000000
287,2018-06-10 10:48:00-06:00,7220.50000000,7225.48583984,-0.02145,100.00000000
288,2018-06-10 10:49:00-06:00,7224.50000000,7225.49023438,-0.02142,100.00000000
289,2018-06-10 10:50:00-06:00,7224.00000000,7224.50000000,-0.02137,100.00000000
290,2018-06-10 10:51:00-06:00,7223.50000000,7224.50000000,-0.02135,100.00000000
291,2018-06-10 10:52:00-06:00,7222.50000000,7224.50000000,-0.02137,99.99999404
292,2018-06-10 10:53:00-06:00,7224.00000000,7224.00000000,-0.02129,100.00000000
293,2018-06-10 10:54:00-06:00,7225.00000000,7224.00000000,-0.02118,99.99989867
294,2018-06-10 10:55:00-06:00,7226.50000000,7225.34326172,-0.02105,99.99999404
295,2018-06-10 10:56:00-06:00,7226.00000000,7226.14990234,-0.02098,100.00000000
296,2018-06-10 10:57:00-06:00,7222.00000000,7226.25488281,-0.02111,100.00000000
297,2018-06-10 10:58:00-06:00,7222.00000000,7226.32861328,-0.02124,100.00000000
298,2018-06-10 10:59:00-06:00,7222.00000000,7222.50000000,-0.02120,99.99973774
299,2018-06-10 11:00:00-06:00,7220.50000000,7222.50000000,-0.02122,100.00000000
300,2018-06-10 11:01:00-06:00,7206.00000000,7221.64990234,-0.02187,100.00000000
301,2018-06-10 11:02:00-06:00,7217.50000000,7225.34326172,-0.02216,99.81607795
302,2018-06-10 11:03:00-06:00,7217.00000000,7217.50000000,-0.02211,100.00000000
303,2018-06-10 11:04:00-06:00,7212.00000000,7217.50000000,-0.02229,100.00000000
304,2018-06-10 11:05:00-06:00,7211.50000000,7217.50000000,-0.02249,100.00000000
305,2018-06-10 11:06:00-06:00,7205.50000000,7212.00000000,-0.02271,100.00000000
306,2018-06-10 11:07:00-06:00,7150.00000000,7212.00000000,-0.02547,99.97434616
307,2018-06-10 11:08:00-06:00,7133.50000000,7205.50000000,-0.02867,98.82841110
308,2018-06-10 11:09:00-06:00,7123.00000000,7150.50000000,-0.02983,100.00000000
309,2018-06-10 11:10:00-06:00,7122.00000000,7150.00000000,-0.03101,100.00000000
310,2018-06-10 11:11:00-06:00,7127.00000000,7134.00000000,-0.03123,100.00000000
311,2018-06-10 11:12:00-06:00,7130.00000000,7127.00000000,-0.03099,100.00000000
312,2018-06-10 11:13:00-06:00,7126.00000000,7130.00000000,-0.03107,100.00000000
313,2018-06-10 11:14:00-06:00,7120.50000000,7130.14990234,-0.03140,100.00000000
314,2018-06-10 11:15:00-06:00,7090.00000000,7126.00000000,-0.03292,100.00000000
315,2018-06-10 11:16:00-06:00,7092.00000000,7121.00000000,-0.03412,100.00000000
316,2018-06-10 11:17:00-06:00,7086.00000000,7105.50000000,-0.03488,100.00000000
317,2018-06-10 11:18:00-06:00,7097.50000000,7092.50000000,-0.03455,77.78899074
318,2018-06-10 11:19:00-06:00,7106.50000000,7097.50000000,-0.03404,97.46996760
319,2018-06-10 11:20:00-06:00,7102.50000000,7097.50000000,-0.03371,93.57675314
320,2018-06-10 11:21:00-06:00,7100.00000000,7106.50000000,-0.03389,98.49340916
321,2018-06-10 11:22:00-06:00,7111.50000000,7102.50000000,-0.03339,97.58717418
322,2018-06-10 11:23:00-06:00,7103.50000000,7112.00000000,-0.03366,67.57879853
323,2018-06-10 11:24:00-06:00,7096.50000000,7150.50000000,-0.03591,14.89734948
324,2018-06-10 11:25:00-06:00,7091.50000000,7097.50000000,-0.03606,27.73790061
325,2018-06-10 11:26:00-06:00,7097.00000000,7097.50000000,-0.03597,35.25310457
326,2018-06-10 11:27:00-06:00,7097.50000000,7097.50000000,-0.03586,31.72388971
327,2018-06-10 11:28:00-06:00,7090.00000000,7097.50000000,-0.03608,93.24563146
328,2018-06-10 11:29:00-06:00,7090.00000000,7097.50000000,-0.03629,93.51228476
329,2018-06-10 11:30:00-06:00,7085.50000000,7092.00000000,-0.03646,9.37799960
330,2018-06-10 11:31:00-06:00,7082.00000000,7091.85009766,-0.03677,17.61118919
331,2018-06-10 11:32:00-06:00,7076.50000000,7258.00000000,-0.04441,35.89468896
332,2018-06-10 11:33:00-06:00,7050.00000000,7252.77636719,-0.05294,78.80203128
333,2018-06-10 11:34:00-06:00,6963.50000000,7097.50000000,-0.05856,99.99720454
334,2018-06-10 11:35:00-06:00,6969.50000000,7150.50000000,-0.06616,97.28626609
335,2018-06-10 11:36:00-06:00,6954.50000000,6994.00000000,-0.06765,99.99999404
336,2018-06-10 11:37:00-06:00,6924.00000000,6974.50000000,-0.06962,100.00000000
337,2018-06-10 11:38:00-06:00,6900.00000000,6951.50000000,-0.07163,100.00000000
338,2018-06-10 11:39:00-06:00,6865.00000000,6923.50000000,-0.07394,100.00000000
339,2018-06-10 11:40:00-06:00,6835.50000000,6900.00000000,-0.07651,100.00000000
340,2018-06-10 11:41:00-06:00,6832.00000000,6888.00000000,-0.07869,100.00000000
341,2018-06-10 11:42:00-06:00,6820.50000000,6861.00000000,-0.08020,100.00000000
342,2018-06-10 11:43:00-06:00,6864.00000000,6832.00000000,-0.07861,100.00000000
343,2018-06-10 11:44:00-06:00,6861.50000000,6864.00000000,-0.07848,100.00000000
344,2018-06-10 11:45:00-06:00,6831.50000000,6877.00000000,-0.08019,100.00000000
345,2018-06-10 11:46:00-06:00,6833.00000000,6870.50000000,-0.08155,19.11885291
346,2018-06-10 11:47:00-06:00,6837.00000000,6838.50000000,-0.08138,36.79444194
347,2018-06-10 11:48:00-06:00,6750.00000000,6838.50000000,-0.08492,100.00000000
348,2018-06-10 11:49:00-06:00,6765.50000000,6838.50000000,-0.08778,100.00000000
349,2018-06-10 11:50:00-06:00,6729.00000000,6787.00000000,-0.08999,99.71879721
350,2018-06-10 11:51:00-06:00,6747.00000000,6781.75000000,-0.09121,99.57104921
351,2018-06-10 11:52:00-06:00,6700.00000000,7264.00000000,-0.11493,22.00844884
352,2018-06-10 11:53:00-06:00,6690.50000000,7264.00000000,-0.13896,24.97745305
353,2018-06-10 11:54:00-06:00,6652.00000000,6753.39013672,-0.14288,100.00000000
354,2018-06-10 11:55:00-06:00,6689.00000000,6734.82324219,-0.14441,100.00000000
355,2018-06-10 11:56:00-06:00,6747.50000000,6723.47607422,-0.14300,99.99989271
356,2018-06-10 11:57:00-06:00,6749.00000000,6730.68359375,-0.14184,69.48854327
357,2018-06-10 11:58:00-06:00,6760.00000000,6738.57812500,-0.14055,16.30948186
358,2018-06-10 11:59:00-06:00,6757.50000000,6747.10498047,-0.13973,45.07858455
359,2018-06-10 12:00:00-06:00,6726.50000000,6752.32324219,-0.14041,77.17333436
360,2018-06-10 12:01:00-06:00,6707.50000000,6753.87646484,-0.14194,51.50955319
361,2018-06-10 12:02:00-06:00,6694.00000000,6745.81347656,-0.14369,56.23860359
362,2018-06-10 12:03:00-06:00,6691.50000000,6735.21923828,-0.14510,70.36960125
363,2018-06-10 12:04:00-06:00,6713.00000000,6723.30371094,-0.14512,72.31454849
364,2018-06-10 12:05:00-06:00,6747.50000000,6721.41259766,-0.14366,95.78930140
365,2018-06-10 12:06:00-06:00,6737.00000000,6729.98876953,-0.14299,96.93411589
366,2018-06-10 12:07:00-06:00,6719.50000000,6738.54199219,-0.14337,60.32269597
367,2018-06-10 12:08:00-06:00,6737.00000000,6738.22949219,-0.14303,62.62838244
368,2018-06-10 12:09:00-06:00,6718.50000000,6738.46044922,-0.14345,96.89229727
369,2018-06-10 12:10:00-06:00,6707.00000000,6738.02246094,-0.14431,97.54641652
370,2018-06-10 12:11:00-06:00,6716.00000000,6732.16552734,-0.14457,97.30644226
371,2018-06-10 12:12:00-06:00,6691.00000000,6727.91601562,-0.14567,71.91356421
372,2018-06-10 12:13:00-06:00,6693.50000000,6724.19140625,-0.14651,70.04650831
373,2018-06-10 12:14:00-06:00,6640.50000000,6717.53369141,-0.14923,98.98434281
374,2018-06-10 12:15:00-06:00,6638.50000000,6710.32373047,-0.15172,91.61293507
375,2018-06-10 12:16:00-06:00,6613.50000000,6694.62646484,-0.15459,87.20726371
376,2018-06-10 12:17:00-06:00,6640.00000000,6679.43847656,-0.15576,98.76497984
377,2018-06-10 12:18:00-06:00,6640.50000000,6667.60693359,-0.15643,98.18838239
378,2018-06-10 12:19:00-06:00,6664.50000000,6659.62500000,-0.15582,84.38006043
379,2018-06-10 12:20:00-06:00,6683.00000000,6664.23730469,-0.15467,97.12735415
380,2018-06-10 12:21:00-06:00,6693.00000000,6673.16601562,-0.15348,99.32828546
381,2018-06-10 12:22:00-06:00,6719.00000000,6681.21630859,-0.15160,99.39886928
382,2018-06-10 12:23:00-06:00,6679.00000000,6693.30126953,-0.15176,99.77146387
383,2018-06-10 12:24:00-06:00,6694.00000000,6702.51123047,-0.15170,88.58886957
384,2018-06-10 12:25:00-06:00,6682.50000000,6699.95751953,-0.15199,99.98520017
385,2018-06-10 12:26:00-06:00,6699.50000000,6700.12060547,-0.15162,99.60926175
386,2018-06-10 12:27:00-06:00,6719.00000000,6699.93408203,-0.15049,100.00000000
387,2018-06-10 12:28:00-06:00,6720.00000000,6712.10400391,-0.14979,100.00000000
388,2018-06-10 12:29:00-06:00,6701.50000000,6717.47265625,-0.15002,99.99915361
389,2018-06-10 12:30:00-06:00,6692.00000000,6718.23095703,-0.15064,99.97537136
390,2018-06-10 12:31:00-06:00,6709.00000000,6713.36181641,-0.15043,100.00000000
391,2018-06-10 12:32:00-06:00,6709.50000000,6712.95312500,-0.15017,100.00000000
392,2018-06-10 12:33:00-06:00,6703.00000000,6716.26708984,-0.15029,100.00000000
393,2018-06-10 12:34:00-06:00,6692.50000000,6714.38720703,-0.15074,100.00000000
394,2018-06-10 12:35:00-06:00,6665.50000000,6710.97070312,-0.15209,100.00000000
395,2018-06-10 12:36:00-06:00,6674.00000000,6705.27978516,-0.15289,99.99920130
396,2018-06-10 12:37:00-06:00,6685.00000000,6697.99560547,-0.15300,99.99920130
397,2018-06-10 12:38:00-06:00,6697.00000000,6694.24707031,-0.15251,100.00000000
398,2018-06-10 12:39:00-06:00,6710.50000000,6695.37304688,-0.15156,100.00000000
399,2018-06-10 12:40:00-06:00,6711.00000000,6700.36083984,-0.15078,100.00000000
400,2018-06-10 12:41:00-06:00,0.00000000,6704.75292969,-0.15041,67.08124280
